path_or_scope,role,inspection_level,proposed_disposition,reason_to_review,consumers_to_verify
WORK-LAB-AUTHORITY.md,顶层产品与工程边界,前轮同SHA读取,修订有效条款，保留技术/安全分层,项目主体、能力迁移与三方角色,project-authority-index / AGENTS / 权威校验器
.project/governance/project-authority-index.json,当前权威索引,本轮读取,更新现行入口与适用性；沿用现有索引,currentTaskpack / historicalPolicy / allowlist,上下文生成器 / 权威校验器
.project/governance/taskpack-authority-index.json,当前任务与历史分类,本轮读取,逐项重分类；唯一CURRENT原子切换或版本化,旧UI/执行任务范围与新决定不一致,OPEN / currentTaskCards / 静态交接
AGENTS.md,开发Agent入口,本轮读取,压缩并对齐当前职责；区分开发规则和产品要求,避免将每个被监控项目任务都纳入内部开发协议,客户端投影 / 生成器 / scoped AGENTS
.project/governance/three-project-boundary.json,机器可读三项目边界,本轮读取,更新本方职责、AAOS全貌与DESIGN-LAB内核边界,旧执行控制与知识后端化描述,对应schema / verify_three_project_boundary
.project/governance/config-authority-index.json,配置权威,引用发现，全文待本地核验,对账后定向更新,不新增第二配置源,现有同步器与生成器
config/config-ownership.json,配置字段所有权,前轮同SHA读取,保留三方比较；对新增内容回流按语义分流,知识候选不自动成为全局规则,受管客户端同步器 / 相关测试
.project/governance/module-ownership.json,模块与写入边界,引用发现，全文待本地核验,优先保持物理模块，必要时只修角色,不因新导航强行搬整仓,质量门 / 路径范围 / scoped AGENTS
taskpacks/current/WORK-LAB-UNIFIED-PRODUCT-CONVERGENCE-TASKPACK-20260918.md,当前总任务包,本轮读取节选,保留有效约束；替代旧产品范围；映射旧ID,U04旧菜单/未来调度与监控首版切分,两个权威索引 / OPEN / 测试
taskpacks/current/OPEN-TASK-REGISTER.md,唯一活动工作项登记,前轮同SHA读取，当前全文待复核,逐项映射；不把延后/被替代写成完成,功能实证与范围裁决分开,CURRENT / taskcards / 报告生成器
taskpacks/current/README.md,任务入口摘要,前轮读取，当前待复核,只指向现行任务；历史分类可检索,不再多个FINAL摘要竞争入口,默认检索 / 交接
taskpacks/current/WORK-LAB-PRODUCT-UI-CONTROL-SURFACE-TASKCARD-20260925.md,旧前端路线卡,当前索引引用，全文待核验,按条款替代；保留历史记录,控制前端/旧菜单不再全部是首版义务,currentTaskCards / OPEN / UI测试
taskpacks/current/WORK-LAB-UI-PROMPT-PACK-EXECUTION-TASKCARD-20261007.md,UI执行卡,当前索引引用，全文待核验,保存当时授权证据；当前范围重新绑定,历史授权不能变成未来永久写许可,原输入包hash / 当前UI源
taskpacks/current/WORK-LAB-QODER-FULLSTACK-EXECUTION-CROSS-MODULE-TASKCARD-20261007.md,跨模块执行卡,当前索引引用，全文待核验,核对仍在执行部分与他人工作树，不抢写,范围和当前执行现场必须分别发现,OPEN / module ownership
taskpacks/current/ORCA-PILOT-TASK-CARD-20260925.md,未来外部Workspace试点,当前索引引用，全文待核验,DEFERRED或保留候选，不要求监控首版完成,外部Workspace不是监控依赖,future-candidate-registry / OPEN
README.md,用户与开发入口,前轮读取，当前待复核,更新摘要和状态指针，不复制全部权威,项目级监控与能力资产复用,CURRENT_STATE类生成文件
docs/current/workflow-assistance/workflow/project-definition.md,下级项目定义,本轮读取节选,原位收敛，拆开产品/开发/软件特定/历史,旧任务交付中心与本机固定描述,build_context_pack.py
docs/decisions/global-execution-standard.md,开发执行标准,AGENTS引用，全文待核验,核对适用域；保留合理验证,不强制所有外部业务遵循本仓任务流程,AGENTS / skill
docs/decisions/LESSONS_LEARNED.md,经验性规则,AGENTS引用，全文待核验,区分当前约束和历史经验，不全量迁移AAOS,原始经验不是自动全局权威,AGENTS / 默认上下文
docs/decisions/WORK-LAB-LITE-AND-PARALLEL-WORKSPACE-ARCHITECTURE.md,旧架构规划,前轮同SHA读取,替代冲突段落或归为历史；保留可复用原则,重型Workspace与通用执行的优先级后移,UI taskcard / future registry
apps/observer/frontend/DESIGN.md,设计约束,前轮同SHA读取,对齐组件职责与单一token源，不另换套件,不要把原型逐行复制规则永久化,tokens / skins / 设计测试
apps/observer/UI_DECISIONS.md,UI决定记录,目录与注释引用，全文待核验,有效条款/被替代条款分开,不改历史事实，记录替代关系,渲染规则 / UI测试
apps/observer/frontend/src/lib/viewRegistry.ts,真实路由注册,本轮读取节选,减少默认目的地，保留旧路由映射,22视图不等于必须22个用户目的地,App / Sidebar / palette / deep links
apps/observer/frontend/src/components/layout/Sidebar.tsx,主导航,前轮同SHA读取,按目的地组织而非简单重分组,旧页面不能全部继续平铺,viewRegistry / tests
apps/observer/frontend/src/lib/viewRegistry.test.ts,导航与范围测试,本轮读取,替换过时范围断言，保留行为保障,exactly7 / memory必达等旧定义,新导航契约 / 旧链接兼容
apps/observer/frontend/src/App.tsx,前端壳与深链,前轮同SHA读取,主对象为项目，保留数据源/身份/错误处理,避免切换路由丢失源或错指对象,registry / focus / runtime descriptor
projections/agents/source/work-lab-workflow/SKILL.md,Agent生成源,本轮读取,修改源并再生，不直接改每个输出,明确本仓开发域与本次产品边界,projections/agents/generate.py与生成输出
projections/agents/generate.py,Agent投影生成器,前轮diff引用，正文待核验,枚举输出/验证再生，不新增第二生成器,旧投影重新污染上下文,客户端受管输出；真实同步需授权
packages/client-neutral-core/scripts/build_context_pack.py,交接上下文生成器,本轮读取节选,核对默认材料/身份/截断/历史加载,固定列表仍会注入旧定义,选中当前文档 / 客户端交接
scripts/ci/verify_project_authority_reference.py,权威结构校验器,本轮读取节选,复用并最小增强状态/引用验证,字样/路径自洽不是语义或功能完成,Schema / authority / taskcards
scripts/ci/verify_three_project_boundary.py,跨项目边界校验器,前轮引用，全文待核验,与新边界同步，保留不越权负向回归,知识/设计边界不能被旧粗粒度规则误禁,three-project-boundary / services boundary
services/knowledge/promotion_gate.py,知识出口旧实现,前轮同SHA读取与复现,知识出口与可信提升分开；范围内修或明确留缺口,拒绝全部未验证候选与新需求冲突,BOUNDARY / contract / tests
integrations/archeaxis/contracts/promotion_contract.py,跨项目候选薄合同,前轮同SHA读取与复现,最小扩展身份/版本/出口/回执验证,存在dataclass不等于真实交换,调用者 / 兼容测试 / 对端后续协商
.project/governance/blueprint-coverage.json,规划覆盖机器源,当前权威索引引用，全文待核验,区分未来规划、当前范围和实现证据,覆盖数不等于完成度,verify_blueprint_coverage.py / 生成报告
docs/future/WORK-LAB-BLUEPRINT-COVERAGE.md,生成投影,当前权威索引引用，正文待核验,从源重新生成，不手改,未来映射不构成执行授权,blueprint-coverage.json
docs/future/WORK-LAB-BLUEPRINT-20261006.md,长期规划参考,当前权威索引引用，正文待核验,保留原规划，给冲突条款旁置替代关系,未来不等于当前全部必做,默认检索 / coverage
taskpacks/current/error-ledger.json,运行与缺陷证据,前轮同SHA读取,保持原始失败/修复范围，不清零删除,改范围不等于修复现有缺陷,回归测试 / 证据索引
docs/history/** ; taskpacks/history/** ; reports/**,历史与证据集合,需本地按实际tree枚举,依赖审计、角色标记、默认检索隔离,不按目录/日期直接删除,引用图 / 自动加载路径 / hash清单
.github/workflows/** ; **/*schema*.json ; 当前状态生成器,自动验收与Schema集合,需本地按实际tree枚举,修订旧范围映射，保留必须执行的安全验证,不以skip/删断言伪造收敛,affected CI jobs / tests / producer code
