task_id,batch,title,dependencies,scope,exit_condition,status,blocks_core_release_by_itself
T00,B0,现场基线与保护,无,本仓及获准范围,repo/remote/HEAD/worktree/dirty/写者与恢复点,TO_VERIFY_OR_IMPLEMENT,stage_specific
T01,B0,实际文件与消费者全量盘点,T00,实际受控tree,eligible/scanned/skipped/reason及引用角色,TO_VERIFY_OR_IMPLEMENT,stage_specific
T02,B0,定义与机器权威原位对齐,T01,现行产品/边界/索引,一套入口、三项目职责、Schema兼容,TO_VERIFY_OR_IMPLEMENT,stage_specific
T03,B0,旧任务与未来范围逐条映射,T02,CURRENT/OPEN/taskcards/future,原ID/继承/延后条件；不虚报完成,TO_VERIFY_OR_IMPLEMENT,stage_specific
T04,B0,F01–F15当前版本核对,T00,已知源码缺口,当前仍存在/已修关联证据，非历史直接派工,TO_VERIFY_OR_IMPLEMENT,stage_specific
T05,B1,两个客户端原生入口真实观测,T02,选定软件/版本/形态,无需本方派工、低风险活动读回,TO_VERIFY_OR_IMPLEMENT,stage_specific
T06,B1,项目集合与三轴状态,T05,归属/状态读模型,跨项目不串，多软件集合，断连不冒充停止,TO_VERIFY_OR_IMPLEMENT,stage_specific
T07,B1,用量缓存与质量守恒,"T04,T05",计量出口/适配,共同质量、去重、口径、未知/零,TO_VERIFY_OR_IMPLEMENT,stage_specific
T08,B1,采集可靠性隐私与资源,T05,隔离故障及获准本机,有界、恢复、canary、非侵入、实际开销,TO_VERIFY_OR_IMPLEMENT,stage_specific
T09,B2,一个能力评价与目标适配,T02,用户选定资产/目标,源价值、损失、依赖/许可、目标验证版本,TO_VERIFY_OR_IMPLEMENT,stage_specific
T10,B2,一项规则受管事务,T02,明确获准配置目标,preview/apply/load/行为/readback/恢复,TO_VERIFY_OR_IMPLEMENT,stage_specific
T11,B2,前端目的地与后台默认,"T06,T07,T09",UI/readmodel/采集默认,项目首页、能力复用、默认不全采,TO_VERIFY_OR_IMPLEMENT,stage_specific
T12,B2,路由兼容与可用性,T11,23路由建议实际核对,原对象身份、空态、焦点、键盘/IME/DPI,TO_VERIFY_OR_IMPLEMENT,stage_specific
T13,B3,改源再生与再次运行,"T02,T03",既有生成源和输出,无旧指令回注，无未解释漂移,TO_VERIFY_OR_IMPLEMENT,stage_specific
T14,B3,依赖优先归档与副本登记,"T01,T13",本方历史与获准副本,原字节/恢复点/消费者/自动加载隔离,TO_VERIFY_OR_IMPLEMENT,stage_specific
T15,B3,必要门禁与冷启动,"T12,T13,T14",现有CI/只读审阅,保护性回归+语义方向；不skip改绿,TO_VERIFY_OR_IMPLEMENT,stage_specific
T16,B3,安装态与发布范围验收,"T08,T10,T15",实际支持的构建/环境,同版安装/重启/窗口；发布按实际授权,TO_VERIFY_OR_IMPLEMENT,stage_specific
T17,B4,回执/Envelope/候选出口,"T02,T04",本方接口切片,JSON、接受分离、摘要/授权、兼容、真实调用链,TO_VERIFY_OR_IMPLEMENT,no
T18,B4,一次真实候选交换,T17,双方已确认合同,真实对端回执、重试冲突拒绝；模式如实,TO_VERIFY_OR_IMPLEMENT,no
T19,B4,实际教学版本与双类验收,T18,按需外部协作,可编辑内容/练习，版本绑定技术与专业检查,TO_VERIFY_OR_IMPLEMENT,no
T20,B4,真人学习反馈与工作复验,T19,AAOS真人活动/责任方,真实反馈/无缺陷确认；改善未测保留未测,TO_VERIFY_OR_IMPLEMENT,no
