id,area,component,required_semantics,authority,mode,unknown_or_error_ui,gate,current_contract,actual_field_paths,source_file_or_symbol,error_mapping,evidence,binding_status
B01,项目,ProjectSummary,projectId;namespace;displayName;directories;worktree relation,现有项目身份权威,read,身份未取得时不按同名猜归属,不同项目与目录身份不得串,,,,,,待绑定
B02,项目,ParticipantTable,installationId;runtimeInstanceId;sessionId;surface;softwareVersion,现有参与软件读模型,read,运行/会话未知与未安装分开,名称不等于安装身份,,,,,,待绑定
B03,项目,ThreeAxisStatus,work[];health;observation;sourceRef,实际源事件和状态合同,read,三轴分别未知；turn_end保持原含义,断连不改变业务完成状态,,,,,,待绑定
B04,项目,SourceFreshness,eventAt;receivedAt;displayAt;lastGood;historyReadback,现有来源/观测合同,read,显示最后可信摘要与缺口,UI刷新不产生新事件,,,,,,待绑定
B05,项目,ObjectRoute,namespace;projectId;taskId;executionId;evidenceId;archived,原路由/对象合同,read,不存在/无权/归档/不支持分别解释,不得定位另一同名对象,,,,,,待绑定
B06,用量,ObservedMetric,value;unit;precision;completeness;scope;sourceRef,现有计量合同,read,0/缺失/不支持/隐私隐藏分别显示,单位独立,,,,,,待绑定
B07,用量,AttributionSummary,dedupeIdentity;primaryAttribution;unknownAttribution;estimateReplacement,现有去重归属合同,read,未知归属单列；覆盖基准未知,输入+输出与归属总量守恒,,,,,,待绑定
B08,用量,CacheRates,readTokens;eligibleInput;hitRequests;judgeableRequests,现有缓存字段合同,read,零/未知分母不可计算,可计算范围一致,,,,,,待绑定
B09,软件,SoftwareDiscovery,installationId;surface;version;nativeOutlet;adapterRevision,现有发现/适配器服务,read,无出口或未发现明确显示,不要伪装实际安装,,,,,,待绑定
B10,软件,Qualification,identity;version;adapter;fieldSupport;reason;checkedAt;expiresAt,现有资格服务,read,更新后待复验/不支持/未知,资格绑定具体版本范围,,,,,,待绑定
B11,接入,FieldPicker,supportedFields;requiredAttributionFields;privacyScope,现有接入字段合同,read,不支持字段禁用并解释,正文/载荷不默认启用,,,,,,待绑定
B12,接入,ConfigPreview,target;scope;beforeRevision;beforeDigest;diff;impact,现有原生配置预览,read,前态未取得不能提交,差异只在本范围,,,,,,待绑定
B13,接入,EnableObservation,operationId;authorizationRef;scope;expectedBefore;idempotency,现有管理命令,command,权限不足/过期/现态冲突,服务端授权与并发检查,,,,,,待绑定
B14,接入,NativeReadback,operationId;actualLoadedVersion;digest;fieldActivity;sourceRef,现有读回/事件服务,read,写入/加载/样例活动分别显示,无活动不判失败,,,,,,待绑定
B15,能力,ImportSource,sourceNamespace;objectId;revision;digest;format;origin,现有能力来源合同,read,来源缺失/解析失败/身份冲突,文件名不是身份,,,,,,待绑定
B16,能力,ImportPreview,license;dependencies;requestedPermissions;payloadSummary;existingVersionDiff,现有能力解析与审查,read,许可未知/格式不支持/重复/冲突,无审查不解锁安装,,,,,,待绑定
B17,能力,ImportCommit,objectId;revision;digest;authorization;expectedAssetRevision;idempotency,现有资产导入命令,command,重复复用/并发差异/权限不足,导入不得隐式部署,,,,,,待绑定
B18,能力,SourceEvaluation,sourceIdentity;sourceRevision;sampleTask;evidenceRef;technicalResult;userVerdict;conditions,现有能力评价读模型,read,尚未评价/尚不能判断明确显示,评价不等同目标验证,,,,,,待绑定
B19,能力,SaveEvaluation,objectId;sourceRevision;technicalEvidence;userJudgment;expectedEvaluationRevision,现有评价记录命令,command,版本过期保留草稿重新确认,用户评价和技术结果分开,,,,,,待绑定
B20,迁移,TargetPicker,targetInstallation;surface;softwareVersion;adapterRevision;qualifiedFields;limits,现有目标资格合同,read,待复验/不支持/未知目标不可用于发布,用户明确选择目标,,,,,,待绑定
B21,迁移,PlanDiff,source/evaluation revisions;targetFingerprint;scope;planRevision;losses;nativeDiff,现有迁移方案合同,read,损失/依赖缺口与版本变更,任何身份变更使旧证据失效,,,,,,待绑定
B22,迁移,StartIsolatedTrial,planIdentity;trialScope;authorization;idempotency;operationId,现有隔离试用命令,command,提交未知/排队/失败/取消,仅隔离范围；不写生产目标,,,,,,待绑定
B23,迁移,OperationProgress,operationId;sequence;stage;status;lastTrustedProgress;evidence;sourceTimes,现有操作进度读模型,read,断连保留可信进度并标未确认,不能由spinner推断运行,,,,,,待绑定
B24,迁移,CancelTrial,operationId;expectedOperationRevision;authorization,现有取消命令,command,取消请求与实际取消结果分开,忽略旧操作晚到回执,,,,,,待绑定
B25,迁移,TargetVerification,planFingerprint;actualTargetVersion;loadedVersion;behaviorEvidence;verificationRevision,现有实际目标验证,read/command,验证失败/未加载/证据缺失,验证绑定版本与范围,,,,,,待绑定
B26,治理,CommandGate,available;reasons;identity;object;scope;authorization;expiry;expectedRevision;beforeDigest,现有后端可用性判定,read,原因直显；未知资格禁用写入,前端不授予权限,,,,,,待绑定
B27,治理,ScopedDeploy,planFingerprint;expectedBefore;authorization;scope;idempotency;operationId,现有受控发布命令,command,提交未知/版本冲突/拒绝,重复提交查询同一操作,,,,,,待绑定
B28,治理,WriteResult,operationId;writtenVersion;publishedDigest;touchedFields;recoveryRef,现有发布结果读模型,read,写入结果未确认时不补成功,写入与加载/行为分开,,,,,,待绑定
B29,治理,ReadbackLoad,operationId;nativeActualDigest;loadedVersion;diff;sourceTimes,现有原生读回,read/command,不一致与字段未提供分别显示,读回不解锁行为成功,,,,,,待绑定
B30,治理,PublishedBehavior,plan/target/published revisions;behaviorEvidence;result,现有行为验证合同,read/command,未测/失败/证据版本过期,保留不同阶段事实,,,,,,待绑定
B31,治理,RecoveryPreview,recoveryRef;touchedScope;baselineDigest;publishedDigest;currentDigest;diff,现有限定恢复合同,read,用户编辑冲突或摘要未知时停止,不能整客户端恢复,,,,,,待绑定
B32,治理,RecoverScope,recoveryRef;expectedCurrent;authorization;scope;idempotency,现有限定恢复命令,command,并发冲突保留现态并重新读取,恢复后仍需加载/行为复验,,,,,,待绑定
B33,规则,RuleLifecycle,intentRevision;nativeProjectionRevision;writeResult;loadResult;behaviorResult,现有规则权威/生成源/投影,read,各阶段未执行分开,不设单个全局SUCCESS,,,,,,待绑定
B34,规则,ThreeWayDiff,baseline;published;nativeCurrent;fieldOwnership;currentRevision;digests,现有原生规则差异,read,类型/文本冲突按真实格式解释,保留用户编辑,,,,,,待绑定
B35,规则,MergePreview,scopedChoices;unconflictedFields;expectedCurrent;resultingDiff,现有合并预览,read,未决冲突不生成可提交假方案,前态变化使预览过期,,,,,,待绑定
B36,规则,MergeCommit,previewRevision;expectedBefore;authorization;scope;idempotency,现有规则管理命令,command,并发冲突/过期预览保留用户现态,不覆盖未选择字段,,,,,,待绑定
B37,协作,ResponsibilitySummary,candidate;outboundPermission;send;reception;knowledge;teaching;acceptance;technicalCheck;humanLearning;feedback;effect,各方实际版本与来源合同,read,无真实来源显示未取得,技术候选不证明对端接收/学习,,,,,,待绑定
B38,诊断,DiagnosticScope,project;problem;timeRange;allowedFields;retention;authorization,现有按需诊断合同,read/command,无资格/无源字段解释,不默认获取正文与工具载荷,,,,,,待绑定
B39,隐私,ObservationLifecycle,collectorState;windowState;pauseScroll;historyReadback;gaps,现有Tauri/采集生命周期,read/command,停止采集保留来源缺口,不影响外部软件任务,,,,,,待绑定
B40,性能,ActualResourceMetrics,measuredCPU;memory;queueBound;dataGrowth;queryLatency;sampleScope,本机实测/现有诊断,read,未测显示未测量,不得用设计数值冒充性能,,,,,,待绑定
