coverage_id,topic,identity,final_taskbook_section,tasks,original_packet,source_section_or_file,coverage_kind
C001,项目监控与有限诊断,D01,"5.1,6","T05,T06,T08,T11",alignment,"2,4",synthesized_and_original_preserved
C002,外部软件执行与有限委托,D02,"2,3","T02,T03,T05",alignment,2,synthesized_and_original_preserved
C003,能力筛选迁移与自进化成果,"D03,D04",5.4,T09,alignment,2,synthesized_and_original_preserved
C004,规则意图原生映射与配置冲突,D05,5.5,T10,research,10,synthesized_and_original_preserved
C005,项目软件计量缓存,D06,5.3,T07,research,8,synthesized_and_original_preserved
C006,AAOS完整定义与长期项目记忆,"D07,D08",3,"T02,T17",alignment,2,synthesized_and_original_preserved
C007,DESIGN-LAB专用内核与专业权威,D09,3,"T02,T17",collaboration,"1,2",synthesized_and_original_preserved
C008,三方互补双边独立运行发布,D10,"3,9","T02,T16",collaboration,"1,8",synthesized_and_original_preserved
C009,技术候选与教学供给,D11,8,"T17,T18,T19",collaboration,"2,5",synthesized_and_original_preserved
C010,人的学习与最小反馈,"D12,D13",8,"T19,T20",collaboration,6,synthesized_and_original_preserved
C011,Observer只读与正常交互,D14,"5.5,6","T10,T12",research,"1.2,10",synthesized_and_original_preserved
C012,全面文件索引历史清理,D15,7,"T01,T02,T13,T14,T15",alignment,"5,6,7,8",synthesized_and_original_preserved
C013,旧助手误判与范围更正,history correction,2,"T03,T04",research,1.2,synthesized_and_original_preserved
C014,身份因果关联三轴状态,implementation guidance,5.1,T06,research,7,synthesized_and_original_preserved
C015,多软件项目单平台投影,F02,"4,5.1","T04,T06",research,5.2,synthesized_and_original_preserved
C016,混合质量两个真实复跑反例,F03,"4,5.3","T04,T07",research,5.3,synthesized_and_original_preserved
C017,缓存出口缺口,F04,"4,5.3","T04,T07",research,5.4,synthesized_and_original_preserved
C018,市场对照与选择性复用,historical research,5.2,"T05,T09",research,3,synthesized_and_original_preserved
C019,10类客户端资格矩阵,historical research,5.2,T05,research,4,synthesized_and_original_preserved
C020,OTel/ACP/MCP/Skills标准边界,historical research,5.2,T05,research,4.1,synthesized_and_original_preserved
C021,35项历史官方来源保留,historical sources,5.2,T05,research,17,synthesized_and_original_preserved
C022,非侵入Hook隐私与最小采集,implementation guidance,5.6,T08,research,10,synthesized_and_original_preserved
C023,采集自身健康窗口解耦低成本,implementation guidance,"5.2,5.6","T08,T16",research,11,synthesized_and_original_preserved
C024,前端五目的地建议与旧新版差别,P01,6,"T11,T12",alignment,4,synthesized_and_original_preserved
C025,23路由迁移身份不失真,proposed input,6,T12,alignment,frontend_route_mapping.proposed.csv,synthesized_and_original_preserved
C026,39项文件范围种子,proposed input,7,"T01,T14",alignment,file_disposition_seed.csv,synthesized_and_original_preserved
C027,三独立轴角色适用实现,governance guidance,7,"T02,T03",alignment,5,synthesized_and_original_preserved
C028,产品目标与实现事实分开,governance guidance,7,"T02,T04",alignment,"5,7",synthesized_and_original_preserved
C029,先消费者后归档及字节保留,governance guidance,7,T14,alignment,6,synthesized_and_original_preserved
C030,自动加载指令隔离,governance guidance,7,"T14,T15",alignment,6,synthesized_and_original_preserved
C031,已分发客户端与仓库外副本,governance guidance,7,T14,alignment,6,synthesized_and_original_preserved
C032,生成源再生与二次无漂移,governance guidance,7,T13,alignment,"3.3,7,8",synthesized_and_original_preserved
C033,旧7组测试与安全门保留,F15,"4,7","T12,T15",alignment,"3.2,8",synthesized_and_original_preserved
C034,冷启动范围语义验收,governance guidance,10,T15,alignment,8,synthesized_and_original_preserved
C035,六个协作语义非六服务,contract proposal,8,"T17,T18",collaboration,5,synthesized_and_original_preserved
C036,出口授权不替代知识可信,F07,"4,8",T17,collaboration,"3,4",synthesized_and_original_preserved
C037,Envelope校验不足,F08,"4,8",T17,collaboration,"3,7",synthesized_and_original_preserved
C038,回执失败与候选单行修复,"F10,F11","4,8",T17,collaboration,7,synthesized_and_original_preserved
C039,局部内存模型范围及修订读回,"F12,F13","4,8",T17,collaboration,7,synthesized_and_original_preserved
C040,教学合成输入与真实执行身份,teaching evidence,8,T19,collaboration,"6,7",synthesized_and_original_preserved
C041,真实联合案例步骤与各方状态,future optional,8,"T18,T19,T20",collaboration,6,synthesized_and_original_preserved
C042,重试冲突授权摘要负向验收,contract proposal,8,"T17,T18",collaboration,"5,6",synthesized_and_original_preserved
C043,无缺陷反馈与未测工作效果,future optional,8,T20,collaboration,6,synthesized_and_original_preserved
C044,原40场景完整保留,acceptance proposal,10,T05-T20,research,acceptance_cases.md,synthesized_and_original_preserved
C045,Windows真实安装DPI/IME验收,not performed,"6,10","T12,T16",research,"12.3,16",synthesized_and_original_preserved
C046,阶段切片与独立发布,implementation proposal,9,T00-T20,research,"13,14",synthesized_and_original_preserved
C047,仓库分支大PR与其他写者保护,historical evidence,"4,9","T00,T03",research,"5.6,14",synthesized_and_original_preserved
C048,本轮未执行边界与权限不追加,execution boundary,"1,10,11",T00-T20,alignment,"0,10",synthesized_and_original_preserved
C049,另两项目对账提示词,handoff draft,"3,8",T17-T20,collaboration,"1,2,5,6",synthesized_and_original_preserved
