old_id,historical_status,disposition,new_tasks,reason,source_path,source_line
A00,MERGED@62f666e,MERGED_REQUIREMENT,"WUI-16,WUI-17,WUI-19",保留已有治理/路径/证据保护，剩余有用缺口并账；不先重做全仓历史整治阻塞UI,taskpacks/history/UI-PRIORITY-CUTOVER-20261009/original-tree/taskpacks/current/OPEN-TASK-REGISTER.md,16
A01,IMPLEMENTED@ruleset-23825562,MERGED_REQUIREMENT,WUI-19,保留exact-SHA CI与main交付保护；仅交付时按实际授权读回，不重做UI主题或远端规则配置,taskpacks/history/UI-PRIORITY-CUTOVER-20261009/original-tree/taskpacks/current/OPEN-TASK-REGISTER.md,17
A02,CONVERGED@2a1c7b2,MERGED_REQUIREMENT,"WUI-16,WUI-17,WUI-19",保留已有治理/路径/证据保护，剩余有用缺口并账；不先重做全仓历史整治阻塞UI,taskpacks/history/UI-PRIORITY-CUTOVER-20261009/original-tree/taskpacks/current/OPEN-TASK-REGISTER.md,18
A03,IMPLEMENTED@62f666e（原 pin 0600d6f：PR #127 squash 前的分支头，内容随 62f666ef3699 落地，该 commit 是 origin/main 的祖先）,MERGED_REQUIREMENT,"WUI-16,WUI-17,WUI-19",保留已有治理/路径/证据保护，剩余有用缺口并账；不先重做全仓历史整治阻塞UI,taskpacks/history/UI-PRIORITY-CUTOVER-20261009/original-tree/taskpacks/current/OPEN-TASK-REGISTER.md,19
A04,IMPLEMENTED@62f666e（原 pin 0600d6f：PR #127 squash 前的分支头，内容随 62f666ef3699 落地，该 commit 是 origin/main 的祖先）,MERGED_REQUIREMENT,WUI-16,保留已完成的CURRENT_STATE去历史依赖和动态发现；新方向只从现行源再生，不重新迁移,taskpacks/history/UI-PRIORITY-CUTOVER-20261009/original-tree/taskpacks/current/OPEN-TASK-REGISTER.md,20
A05,RECORDED@62f666e,MERGED_REQUIREMENT,"WUI-16,WUI-17,WUI-19",保留已有治理/路径/证据保护，剩余有用缺口并账；不先重做全仓历史整治阻塞UI,taskpacks/history/UI-PRIORITY-CUTOVER-20261009/original-tree/taskpacks/current/OPEN-TASK-REGISTER.md,21
U01,IMPLEMENTED@62f666e（原 pin 0600d6f：PR #127 squash 前的分支头，内容随 62f666ef3699 落地，该 commit 是 origin/main 的祖先）,MERGED_REQUIREMENT,WUI-19,继承有效保护和剩余验证；旧状态仅作历史，新任务仍NOT_EXECUTED,taskpacks/history/UI-PRIORITY-CUTOVER-20261009/original-tree/taskpacks/current/OPEN-TASK-REGISTER.md,22
U02,PARTIAL,MERGED_REQUIREMENT,"WUI-16,WUI-17",继承有效保护和剩余验证；旧状态仅作历史，新任务仍NOT_EXECUTED,taskpacks/history/UI-PRIORITY-CUTOVER-20261009/original-tree/taskpacks/current/OPEN-TASK-REGISTER.md,23
U03,IMPLEMENTED@891c871,MERGED_REQUIREMENT,WUI-15,继承有效保护和剩余验证；旧状态仅作历史，新任务仍NOT_EXECUTED,taskpacks/history/UI-PRIORITY-CUTOVER-20261009/original-tree/taskpacks/current/OPEN-TASK-REGISTER.md,24
U04,IMPLEMENTED@62f666e（原 pin f0926e2：PR #127 squash 前的分支头，内容随 62f666ef3699 落地，该 commit 是 origin/main 的祖先）,MERGED_REQUIREMENT,"WUI-01,WUI-13",继承有效保护和剩余验证；旧状态仅作历史，新任务仍NOT_EXECUTED,taskpacks/history/UI-PRIORITY-CUTOVER-20261009/original-tree/taskpacks/current/OPEN-TASK-REGISTER.md,25
U05,IMPLEMENTED@62f666e（原 pin f0926e2：PR #127 squash 前的分支头，内容随 62f666ef3699 落地，该 commit 是 origin/main 的祖先）,MERGED_REQUIREMENT,"WUI-03,WUI-14",继承有效保护和剩余验证；旧状态仅作历史，新任务仍NOT_EXECUTED,taskpacks/history/UI-PRIORITY-CUTOVER-20261009/original-tree/taskpacks/current/OPEN-TASK-REGISTER.md,26
U06,IMPLEMENTED@62f666e（原 pin f0926e2：PR #127 squash 前的分支头，内容随 62f666ef3699 落地，该 commit 是 origin/main 的祖先）,MERGED_REQUIREMENT,WUI-15,继承有效保护和剩余验证；旧状态仅作历史，新任务仍NOT_EXECUTED,taskpacks/history/UI-PRIORITY-CUTOVER-20261009/original-tree/taskpacks/current/OPEN-TASK-REGISTER.md,27
U07,IMPLEMENTED@62f666e（原 pin f0926e2：PR #127 squash 前的分支头，内容随 62f666ef3699 落地，该 commit 是 origin/main 的祖先）,MERGED_REQUIREMENT,"WUI-05,WUI-11",继承有效保护和剩余验证；旧状态仅作历史，新任务仍NOT_EXECUTED,taskpacks/history/UI-PRIORITY-CUTOVER-20261009/original-tree/taskpacks/current/OPEN-TASK-REGISTER.md,28
U08,CLOSED_LOCAL / CI_GATED / RESIDUAL_BELONGS_TO_U19,MERGED_REQUIREMENT,"WUI-14,WUI-19",继承有效保护和剩余验证；旧状态仅作历史，新任务仍NOT_EXECUTED,taskpacks/history/UI-PRIORITY-CUTOVER-20261009/original-tree/taskpacks/current/OPEN-TASK-REGISTER.md,29
U09,IMPLEMENTED@62f666e（原 pin 2a3756b：PR #127 squash 前的分支头，内容随 62f666ef3699 落地，该 commit 是 origin/main 的祖先）,MERGED_REQUIREMENT,"WUI-05,WUI-15",继承有效保护和剩余验证；旧状态仅作历史，新任务仍NOT_EXECUTED,taskpacks/history/UI-PRIORITY-CUTOVER-20261009/original-tree/taskpacks/current/OPEN-TASK-REGISTER.md,30
U10,IMPLEMENTED@62f666e（原 pin 04a25f4：PR #127 squash 前的分支头，内容随 62f666ef3699 落地，该 commit 是 origin/main 的祖先）,MERGED_REQUIREMENT,"WUI-09,WUI-10",继承有效保护和剩余验证；旧状态仅作历史，新任务仍NOT_EXECUTED,taskpacks/history/UI-PRIORITY-CUTOVER-20261009/original-tree/taskpacks/current/OPEN-TASK-REGISTER.md,31
U11,IMPLEMENTED@62f666e（原 pin f510516：PR #127 squash 前的分支头，内容随 62f666ef3699 落地，该 commit 是 origin/main 的祖先）,MERGED_REQUIREMENT,"WUI-11,WUI-20",继承有效保护和剩余验证；旧状态仅作历史，新任务仍NOT_EXECUTED,taskpacks/history/UI-PRIORITY-CUTOVER-20261009/original-tree/taskpacks/current/OPEN-TASK-REGISTER.md,32
U12,IMPLEMENTED@gate,MERGED_REQUIREMENT,"WUI-10,WUI-20",继承有效保护和剩余验证；旧状态仅作历史，新任务仍NOT_EXECUTED,taskpacks/history/UI-PRIORITY-CUTOVER-20261009/original-tree/taskpacks/current/OPEN-TASK-REGISTER.md,33
U13,IMPLEMENTED@gate,MERGED_REQUIREMENT,"WUI-04,WUI-05,WUI-18",继承有效保护和剩余验证；旧状态仅作历史，新任务仍NOT_EXECUTED,taskpacks/history/UI-PRIORITY-CUTOVER-20261009/original-tree/taskpacks/current/OPEN-TASK-REGISTER.md,34
U14,IMPLEMENTED@gate,MERGED_REQUIREMENT,WUI-13,继承有效保护和剩余验证；旧状态仅作历史，新任务仍NOT_EXECUTED,taskpacks/history/UI-PRIORITY-CUTOVER-20261009/original-tree/taskpacks/current/OPEN-TASK-REGISTER.md,35
U15,IMPLEMENTED@62f666e（原 pin 25158bf：PR #127 squash 前的分支头，内容随 62f666ef3699 落地，该 commit 是 origin/main 的祖先）,MERGED_REQUIREMENT,WUI-15,继承有效保护和剩余验证；旧状态仅作历史，新任务仍NOT_EXECUTED,taskpacks/history/UI-PRIORITY-CUTOVER-20261009/original-tree/taskpacks/current/OPEN-TASK-REGISTER.md,36
U16,IMPLEMENTED@62f666e（原 pin 9a6ea95：PR #127 squash 前的分支头，内容随 62f666ef3699 落地，该 commit 是 origin/main 的祖先）,MERGED_REQUIREMENT,WUI-15,继承有效保护和剩余验证；旧状态仅作历史，新任务仍NOT_EXECUTED,taskpacks/history/UI-PRIORITY-CUTOVER-20261009/original-tree/taskpacks/current/OPEN-TASK-REGISTER.md,37
U17,IMPLEMENTED@62f666e（原 pin 0600d6f：PR #127 squash 前的分支头，内容随 62f666ef3699 落地，该 commit 是 origin/main 的祖先）,MERGED_REQUIREMENT,"WUI-06,WUI-08",继承有效保护和剩余验证；旧状态仅作历史，新任务仍NOT_EXECUTED,taskpacks/history/UI-PRIORITY-CUTOVER-20261009/original-tree/taskpacks/current/OPEN-TASK-REGISTER.md,38
U17a,IMPLEMENTED@62f666e（原 pin 0600d6f：PR #127 squash 前的分支头，内容随 62f666ef3699 落地，该 commit 是 origin/main 的祖先）,MERGED_REQUIREMENT,"WUI-07,WUI-08",继承有效保护和剩余验证；旧状态仅作历史，新任务仍NOT_EXECUTED,taskpacks/history/UI-PRIORITY-CUTOVER-20261009/original-tree/taskpacks/current/OPEN-TASK-REGISTER.md,39
U18,"PARTIAL (infra green, label auth-gated)",FROZEN_ARCHIVED,,通用跨项目双执行器/修订取消黄金链不是新主线；保留既有实现，不列发布前置,taskpacks/history/UI-PRIORITY-CUTOVER-20261009/original-tree/taskpacks/current/OPEN-TASK-REGISTER.md,40
U19,PASS (owner-observed desktop surface 2026-10-07),MERGED_REQUIREMENT,"WUI-14,WUI-19",继承有效保护和剩余验证；旧状态仅作历史，新任务仍NOT_EXECUTED,taskpacks/history/UI-PRIORITY-CUTOVER-20261009/original-tree/taskpacks/current/OPEN-TASK-REGISTER.md,41
U20,IMPLEMENTED@62f666e（原 pin bc3fe85：PR #127 squash 前的分支头，内容随 62f666ef3699 落地，该 commit 是 origin/main 的祖先）,MERGED_REQUIREMENT,WUI-18,继承有效保护和剩余验证；旧状态仅作历史，新任务仍NOT_EXECUTED,taskpacks/history/UI-PRIORITY-CUTOVER-20261009/original-tree/taskpacks/current/OPEN-TASK-REGISTER.md,42
U21,IMPLEMENTED@62f666e（原 pin 656e7d2：PR #127 squash 前的分支头，内容随 62f666ef3699 落地，该 commit 是 origin/main 的祖先）,MERGED_REQUIREMENT,WUI-12,继承有效保护和剩余验证；旧状态仅作历史，新任务仍NOT_EXECUTED,taskpacks/history/UI-PRIORITY-CUTOVER-20261009/original-tree/taskpacks/current/OPEN-TASK-REGISTER.md,43
B3,MAPPED_U17,MERGED_REQUIREMENT,"WUI-00,WUI-06,WUI-16",保留与现行UI接入、边界、版本和交接有关的有效实现；不新增全局部署权限,taskpacks/history/UI-PRIORITY-CUTOVER-20261009/original-tree/taskpacks/current/OPEN-TASK-REGISTER.md,44
C1,MAPPED_U17,MERGED_REQUIREMENT,"WUI-03,WUI-13,WUI-14,WUI-19",复用已实现桌面/交互/真值保护；只重验受新任务影响的部分,taskpacks/history/UI-PRIORITY-CUTOVER-20261009/original-tree/taskpacks/current/OPEN-TASK-REGISTER.md,45
C4,MAPPED_U14_U18,MERGED_REQUIREMENT,"WUI-00,WUI-06,WUI-16",保留与现行UI接入、边界、版本和交接有关的有效实现；不新增全局部署权限,taskpacks/history/UI-PRIORITY-CUTOVER-20261009/original-tree/taskpacks/current/OPEN-TASK-REGISTER.md,46
C6,MAPPED_U13,MERGED_REQUIREMENT,WUI-05,保留计量与质量保护,taskpacks/history/UI-PRIORITY-CUTOVER-20261009/original-tree/taskpacks/current/OPEN-TASK-REGISTER.md,47
D1,BLOCKED_SCOPED,MERGED_REQUIREMENT,WUI-00,继承有效保护和剩余验证；旧状态仅作历史，新任务仍NOT_EXECUTED,taskpacks/history/UI-PRIORITY-CUTOVER-20261009/original-tree/taskpacks/current/OPEN-TASK-REGISTER.md,48
D2,OPEN (owner decision: delete the archived .bak or register it as an exception; the suffix class is now machine-checked),MERGED_REQUIREMENT,WUI-17,继承有效保护和剩余验证；旧状态仅作历史，新任务仍NOT_EXECUTED,taskpacks/history/UI-PRIORITY-CUTOVER-20261009/original-tree/taskpacks/current/OPEN-TASK-REGISTER.md,49
P0-02,IMPLEMENTED@p0/docs-taskcard-authority (head 2daa749),MERGED_REQUIREMENT,"WUI-03,WUI-13,WUI-14,WUI-19",复用已实现桌面/交互/真值保护；只重验受新任务影响的部分,taskpacks/history/UI-PRIORITY-CUTOVER-20261009/original-tree/taskpacks/current/OPEN-TASK-REGISTER.md,50
P0-03,IMPLEMENTED@p0/docs-taskcard-authority,MERGED_REQUIREMENT,"WUI-03,WUI-13,WUI-14,WUI-19",复用已实现桌面/交互/真值保护；只重验受新任务影响的部分,taskpacks/history/UI-PRIORITY-CUTOVER-20261009/original-tree/taskpacks/current/OPEN-TASK-REGISTER.md,51
P0-04,IMPLEMENTED@p0/docs-taskcard-authority (head 2daa749),MERGED_REQUIREMENT,"WUI-03,WUI-13,WUI-14,WUI-19",复用已实现桌面/交互/真值保护；只重验受新任务影响的部分,taskpacks/history/UI-PRIORITY-CUTOVER-20261009/original-tree/taskpacks/current/OPEN-TASK-REGISTER.md,52
P1-01,IMPLEMENTED@p0/docs-taskcard-authority (head 0d18764),MERGED_REQUIREMENT,"WUI-03,WUI-13,WUI-14,WUI-19",复用已实现桌面/交互/真值保护；只重验受新任务影响的部分,taskpacks/history/UI-PRIORITY-CUTOVER-20261009/original-tree/taskpacks/current/OPEN-TASK-REGISTER.md,53
B-01,IMPLEMENTED@p0/frontend-correctness,MERGED_REQUIREMENT,"WUI-03,WUI-13,WUI-14,WUI-19",复用已实现桌面/交互/真值保护；只重验受新任务影响的部分,taskpacks/history/UI-PRIORITY-CUTOVER-20261009/original-tree/taskpacks/current/OPEN-TASK-REGISTER.md,54
RC-01,IMPLEMENTED@p0/recovery-materials,MERGED_REQUIREMENT,"WUI-03,WUI-13,WUI-14,WUI-19",复用已实现桌面/交互/真值保护；只重验受新任务影响的部分,taskpacks/history/UI-PRIORITY-CUTOVER-20261009/original-tree/taskpacks/current/OPEN-TASK-REGISTER.md,55
P1-C,LANDED@4d059c7（原 pin 09c6dd2：PR #133 squash 前的本地 commit，从未推送（GitHub 422），内容随 4d059c7ec076 落地，该 commit 是 origin/main 的祖先）,MERGED_REQUIREMENT,"WUI-03,WUI-13,WUI-14,WUI-19",复用已实现桌面/交互/真值保护；只重验受新任务影响的部分,taskpacks/history/UI-PRIORITY-CUTOVER-20261009/original-tree/taskpacks/current/OPEN-TASK-REGISTER.md,56
P1-D,LANDED@4d059c7（原 pin 09c6dd2：PR #133 squash 前的本地 commit，从未推送（GitHub 422），内容随 4d059c7ec076 落地，该 commit 是 origin/main 的祖先）,MERGED_REQUIREMENT,"WUI-03,WUI-13,WUI-14,WUI-19",复用已实现桌面/交互/真值保护；只重验受新任务影响的部分,taskpacks/history/UI-PRIORITY-CUTOVER-20261009/original-tree/taskpacks/current/OPEN-TASK-REGISTER.md,57
P1-E,LANDED@4d059c7（原 pin 09c6dd2：PR #133 squash 前的本地 commit，从未推送（GitHub 422），内容随 4d059c7ec076 落地，该 commit 是 origin/main 的祖先）,MERGED_REQUIREMENT,"WUI-16,WUI-17,WUI-19",保留已有治理/路径/证据保护，剩余有用缺口并账；不先重做全仓历史整治阻塞UI,taskpacks/history/UI-PRIORITY-CUTOVER-20261009/original-tree/taskpacks/current/OPEN-TASK-REGISTER.md,58
P1-F,LANDED@4d059c7（原 pin 09c6dd2：PR #133 squash 前的本地 commit，从未推送（GitHub 422），内容随 4d059c7ec076 落地，该 commit 是 origin/main 的祖先） (card OPEN),MERGED_REQUIREMENT,"WUI-06,WUI-18",只继承原生入口、worktree身份、只读观测与退出读回；不续建独立Orca Pilot派工产品,taskpacks/history/UI-PRIORITY-CUTOVER-20261009/original-tree/taskpacks/current/OPEN-TASK-REGISTER.md,59
P2-05,CONVERGED@4d059c7（原 pin 8114d8e：PR #133 squash 前的本地 commit，从未推送（GitHub 422），内容随 4d059c7ec076 落地，该 commit 是 origin/main 的祖先）,MERGED_REQUIREMENT,"WUI-03,WUI-13,WUI-14,WUI-19",复用已实现桌面/交互/真值保护；只重验受新任务影响的部分,taskpacks/history/UI-PRIORITY-CUTOVER-20261009/original-tree/taskpacks/current/OPEN-TASK-REGISTER.md,60
HU-01,IMPLEMENTED@hermes-update-20260927 (unmerged),MERGED_REQUIREMENT,"WUI-10,WUI-15,WUI-20",保留安全/授权/回执与合同能力；协作不作为核心发布前置，公共缺陷按实际调用影响处理,taskpacks/history/UI-PRIORITY-CUTOVER-20261009/original-tree/taskpacks/current/OPEN-TASK-REGISTER.md,61
HA-01,AUDITED@9ffb0c5,MERGED_REQUIREMENT,"WUI-10,WUI-15,WUI-20",保留安全/授权/回执与合同能力；协作不作为核心发布前置，公共缺陷按实际调用影响处理,taskpacks/history/UI-PRIORITY-CUTOVER-20261009/original-tree/taskpacks/current/OPEN-TASK-REGISTER.md,62
C2,NOT-A-TODO：条件保留项，不计入剩余（LESSONS_LEARNED:48 可选不列待办）,FROZEN_ARCHIVED,,付费实验不属于新主线,taskpacks/history/UI-PRIORITY-CUTOVER-20261009/original-tree/taskpacks/current/OPEN-TASK-REGISTER.md,63
C3,NOT-A-TODO：条件保留项，不计入剩余（LESSONS_LEARNED:48 可选不列待办）,FROZEN_ARCHIVED,,第三方POC不属于新主线,taskpacks/history/UI-PRIORITY-CUTOVER-20261009/original-tree/taskpacks/current/OPEN-TASK-REGISTER.md,64
O1,NOT-A-TODO：条件保留项，不计入剩余（LESSONS_LEARNED:48 可选不列待办）,FROZEN_ARCHIVED,,可选维护退出日用待办,taskpacks/history/UI-PRIORITY-CUTOVER-20261009/original-tree/taskpacks/current/OPEN-TASK-REGISTER.md,65
O2,NOT-A-TODO：条件保留项，不计入剩余（LESSONS_LEARNED:48 可选不列待办）,FROZEN_ARCHIVED,,可选维护退出日用待办,taskpacks/history/UI-PRIORITY-CUTOVER-20261009/original-tree/taskpacks/current/OPEN-TASK-REGISTER.md,66
AG-CARD,"PLANNED (card landed, no execution grant)",MERGED_REQUIREMENT,WUI-00,旧Atlas任务卡整体退役，子记录各自并账或冻结；不以卡内20项再次独立派工,taskpacks/history/UI-PRIORITY-CUTOVER-20261009/original-tree/taskpacks/current/OPEN-TASK-REGISTER.md,107
AG-01,"IMPLEMENTED@5a6d5cd (local, unmerged)",MERGED_REQUIREMENT,"WUI-06,WUI-10,WUI-19",保留用户原生模型选择和路由保护；仅核对新接入/受管操作是否绕过，不更改全局模型,taskpacks/history/UI-PRIORITY-CUTOVER-20261009/original-tree/taskpacks/current/OPEN-TASK-REGISTER.md,108
AG-02,"IMPLEMENTED@5a6d5cd (local, unmerged)",MERGED_REQUIREMENT,"WUI-06,WUI-08,WUI-19",复用现有能力资格拒绝守卫，新增目标适配必须保留；不重新开发独立路由平台,taskpacks/history/UI-PRIORITY-CUTOVER-20261009/original-tree/taskpacks/current/OPEN-TASK-REGISTER.md,109
AG-03,"IMPLEMENTED@5a6d5cd (local, unmerged)",MERGED_REQUIREMENT,"WUI-06,WUI-18",保留跨进程身份稳定性回归，用于来源实例与恢复；不作为主题或深链重做项,taskpacks/history/UI-PRIORITY-CUTOVER-20261009/original-tree/taskpacks/current/OPEN-TASK-REGISTER.md,110
AG-04,"IMPLEMENTED@5a6d5cd (local, unmerged)",MERGED_REQUIREMENT,"WUI-06,WUI-18",保留接入健康与资源条件诚实性，验证实际来源局部故障；不建立第二运行时,taskpacks/history/UI-PRIORITY-CUTOVER-20261009/original-tree/taskpacks/current/OPEN-TASK-REGISTER.md,111
AG-05,"IMPLEMENTED@6e16684 (local, unmerged)",MERGED_REQUIREMENT,"WUI-10,WUI-15,WUI-20",保留安全/授权/回执与合同能力；协作不作为核心发布前置，公共缺陷按实际调用影响处理,taskpacks/history/UI-PRIORITY-CUTOVER-20261009/original-tree/taskpacks/current/OPEN-TASK-REGISTER.md,113
AG-06,"IMPLEMENTED@6e16684 (local, unmerged)",MERGED_REQUIREMENT,"WUI-06,WUI-15",复用适配器诚实性和版本资格矩阵，不把注册声明当实际接入,taskpacks/history/UI-PRIORITY-CUTOVER-20261009/original-tree/taskpacks/current/OPEN-TASK-REGISTER.md,114
AG-06b,"FIXED@bb8dc9f (local, unmerged)",MERGED_REQUIREMENT,"WUI-10,WUI-15,WUI-20",保留安全/授权/回执与合同能力；协作不作为核心发布前置，公共缺陷按实际调用影响处理,taskpacks/history/UI-PRIORITY-CUTOVER-20261009/original-tree/taskpacks/current/OPEN-TASK-REGISTER.md,115
AG-06c,RECONCILED@055c08d (6 of 23 audit findings checked against the live tree),MERGED_REQUIREMENT,"WUI-10,WUI-15,WUI-20",保留安全/授权/回执与合同能力；协作不作为核心发布前置，公共缺陷按实际调用影响处理,taskpacks/history/UI-PRIORITY-CUTOVER-20261009/original-tree/taskpacks/current/OPEN-TASK-REGISTER.md,116
AG-06d,RECONCILED@17ebd7e (second pass; 4 more audit findings checked),MERGED_REQUIREMENT,"WUI-10,WUI-15,WUI-20",保留安全/授权/回执与合同能力；协作不作为核心发布前置，公共缺陷按实际调用影响处理,taskpacks/history/UI-PRIORITY-CUTOVER-20261009/original-tree/taskpacks/current/OPEN-TASK-REGISTER.md,117
AG-06e,RECONCILED@5585e0e (third pass; 2 more findings checked),MERGED_REQUIREMENT,"WUI-03,WUI-13,WUI-14,WUI-19",复用已实现桌面/交互/真值保护；只重验受新任务影响的部分,taskpacks/history/UI-PRIORITY-CUTOVER-20261009/original-tree/taskpacks/current/OPEN-TASK-REGISTER.md,118
AG-06f,RECONCILED@24b119e (fourth pass; 3 more findings + verdict Q5 checked),MERGED_REQUIREMENT,"WUI-03,WUI-13,WUI-14,WUI-19",复用已实现桌面/交互/真值保护；只重验受新任务影响的部分,taskpacks/history/UI-PRIORITY-CUTOVER-20261009/original-tree/taskpacks/current/OPEN-TASK-REGISTER.md,119
AG-06g,RECONCILED@ad47bc3 (fifth pass; ERR-095/096 + F17 checked),MERGED_REQUIREMENT,"WUI-03,WUI-13,WUI-14,WUI-19",复用已实现桌面/交互/真值保护；只重验受新任务影响的部分,taskpacks/history/UI-PRIORITY-CUTOVER-20261009/original-tree/taskpacks/current/OPEN-TASK-REGISTER.md,120
AG-06h,FIXED@4f07ad2 (audit F02 executed; ERR-097 recorded),MERGED_REQUIREMENT,"WUI-03,WUI-13,WUI-14,WUI-19",复用已实现桌面/交互/真值保护；只重验受新任务影响的部分,taskpacks/history/UI-PRIORITY-CUTOVER-20261009/original-tree/taskpacks/current/OPEN-TASK-REGISTER.md,121
AG-06i,FIXED@db16df2 (audit F15/F16; new canonical gate),MERGED_REQUIREMENT,"WUI-16,WUI-17,WUI-19",保留已有治理/路径/证据保护，剩余有用缺口并账；不先重做全仓历史整治阻塞UI,taskpacks/history/UI-PRIORITY-CUTOVER-20261009/original-tree/taskpacks/current/OPEN-TASK-REGISTER.md,122
AG-06j,FIXED@8582b8f (audit F13/F14),MERGED_REQUIREMENT,"WUI-03,WUI-13,WUI-14,WUI-19",复用已实现桌面/交互/真值保护；只重验受新任务影响的部分,taskpacks/history/UI-PRIORITY-CUTOVER-20261009/original-tree/taskpacks/current/OPEN-TASK-REGISTER.md,123
AG-06k,FIXED@cb9f0e2 (audit F19),MERGED_REQUIREMENT,"WUI-03,WUI-13,WUI-14,WUI-19",复用已实现桌面/交互/真值保护；只重验受新任务影响的部分,taskpacks/history/UI-PRIORITY-CUTOVER-20261009/original-tree/taskpacks/current/OPEN-TASK-REGISTER.md,124
AG-06l,"FIXED@a144b50 (audit F07; new canonical gate, 47 total)",MERGED_REQUIREMENT,"WUI-03,WUI-13,WUI-14,WUI-19",复用已实现桌面/交互/真值保护；只重验受新任务影响的部分,taskpacks/history/UI-PRIORITY-CUTOVER-20261009/original-tree/taskpacks/current/OPEN-TASK-REGISTER.md,125
AG-06m,FIXED@3d4b84f (audit F05),MERGED_REQUIREMENT,"WUI-03,WUI-13,WUI-14,WUI-19",复用已实现桌面/交互/真值保护；只重验受新任务影响的部分,taskpacks/history/UI-PRIORITY-CUTOVER-20261009/original-tree/taskpacks/current/OPEN-TASK-REGISTER.md,126
AG-06n,FIXED@99baab9 (audit F18),MERGED_REQUIREMENT,"WUI-03,WUI-13,WUI-14,WUI-19",复用已实现桌面/交互/真值保护；只重验受新任务影响的部分,taskpacks/history/UI-PRIORITY-CUTOVER-20261009/original-tree/taskpacks/current/OPEN-TASK-REGISTER.md,127
AG-06o,FIXED@9464ca7 (audit F04),MERGED_REQUIREMENT,"WUI-03,WUI-13,WUI-14,WUI-19",复用已实现桌面/交互/真值保护；只重验受新任务影响的部分,taskpacks/history/UI-PRIORITY-CUTOVER-20261009/original-tree/taskpacks/current/OPEN-TASK-REGISTER.md,128
AG-06p,FIXED@2e8c5c6 (audit F01 — reconciliation complete),MERGED_REQUIREMENT,"WUI-03,WUI-13,WUI-14,WUI-19",复用已实现桌面/交互/真值保护；只重验受新任务影响的部分,taskpacks/history/UI-PRIORITY-CUTOVER-20261009/original-tree/taskpacks/current/OPEN-TASK-REGISTER.md,129
AG-07,"IMPLEMENTED@a676e63 (local, unmerged)",MERGED_REQUIREMENT,"WUI-06,WUI-18",客户端版本与生命周期按现场核对；不重复旧升级、不采用历史安装路径,taskpacks/history/UI-PRIORITY-CUTOVER-20261009/original-tree/taskpacks/current/OPEN-TASK-REGISTER.md,130
AG-05c,"FIXED@7341fca (local, unmerged)",MERGED_REQUIREMENT,"WUI-03,WUI-13,WUI-14,WUI-19",复用已实现桌面/交互/真值保护；只重验受新任务影响的部分,taskpacks/history/UI-PRIORITY-CUTOVER-20261009/original-tree/taskpacks/current/OPEN-TASK-REGISTER.md,132
AG-05d,"IMPLEMENTED@7ff439d (local, unmerged)",MERGED_REQUIREMENT,"WUI-03,WUI-13,WUI-14,WUI-19",复用已实现桌面/交互/真值保护；只重验受新任务影响的部分,taskpacks/history/UI-PRIORITY-CUTOVER-20261009/original-tree/taskpacks/current/OPEN-TASK-REGISTER.md,133
AG-05e,"IMPLEMENTED@32469f5 (local, unmerged)",MERGED_REQUIREMENT,"WUI-16,WUI-17,WUI-19",保留已有治理/路径/证据保护，剩余有用缺口并账；不先重做全仓历史整治阻塞UI,taskpacks/history/UI-PRIORITY-CUTOVER-20261009/original-tree/taskpacks/current/OPEN-TASK-REGISTER.md,134
AG-05f,"IMPLEMENTED@5a63ab2 (local, unmerged)",MERGED_REQUIREMENT,"WUI-03,WUI-13,WUI-14,WUI-19",复用已实现桌面/交互/真值保护；只重验受新任务影响的部分,taskpacks/history/UI-PRIORITY-CUTOVER-20261009/original-tree/taskpacks/current/OPEN-TASK-REGISTER.md,135
AG-flake-01,"FIXED@0c0a6c7 (local, unmerged)",MERGED_REQUIREMENT,"WUI-16,WUI-17,WUI-19",保留已有治理/路径/证据保护，剩余有用缺口并账；不先重做全仓历史整治阻塞UI,taskpacks/history/UI-PRIORITY-CUTOVER-20261009/original-tree/taskpacks/current/OPEN-TASK-REGISTER.md,136
AG-08,"DONE (read-only; gap list complete, nothing installed)",MERGED_REQUIREMENT,"WUI-03,WUI-13,WUI-14,WUI-19",复用已实现桌面/交互/真值保护；只重验受新任务影响的部分,taskpacks/history/UI-PRIORITY-CUTOVER-20261009/original-tree/taskpacks/current/OPEN-TASK-REGISTER.md,137
AG-09,BLOCKED (NOT_RUN),FROZEN_ARCHIVED,,双执行器黄金链退出当前范围,taskpacks/history/UI-PRIORITY-CUTOVER-20261009/original-tree/taskpacks/current/OPEN-TASK-REGISTER.md,138
AG-10,BLOCKED (NOT_RUN),FROZEN_ARCHIVED,,独立模型消费者平台退出当前范围,taskpacks/history/UI-PRIORITY-CUTOVER-20261009/original-tree/taskpacks/current/OPEN-TASK-REGISTER.md,139
AG-11,"PARTIAL (nine declared cells MEASURED 2026-10-07, local evidence only; real-user audio and multi-page PDF UNVERIFIED)",FROZEN_ARCHIVED,,OCR/ASR专项不属于本轮UI及观测主线,taskpacks/history/UI-PRIORITY-CUTOVER-20261009/original-tree/taskpacks/current/OPEN-TASK-REGISTER.md,140
AG-12,OWNER DECISION NEEDED (OD03),FROZEN_ARCHIVED,,rerank分值选择不属于本轮,taskpacks/history/UI-PRIORITY-CUTOVER-20261009/original-tree/taskpacks/current/OPEN-TASK-REGISTER.md,141
AG-13,OWNER DECISION NEEDED (OD04),FROZEN_ARCHIVED,,无人值守/session-0服务部署不属于本轮,taskpacks/history/UI-PRIORITY-CUTOVER-20261009/original-tree/taskpacks/current/OPEN-TASK-REGISTER.md,142
AG-14b,"FIXED@8f049d2 (local, unmerged)",MERGED_REQUIREMENT,"WUI-03,WUI-13,WUI-14,WUI-19",复用已实现桌面/交互/真值保护；只重验受新任务影响的部分,taskpacks/history/UI-PRIORITY-CUTOVER-20261009/original-tree/taskpacks/current/OPEN-TASK-REGISTER.md,143
AG-14,UI L10b COMPLETE AND MERGED (evidence below); the backend projection gap is closed by AG-14b,MERGED_REQUIREMENT,"WUI-01,WUI-03",继承有效保护和剩余验证；旧状态仅作历史，新任务仍NOT_EXECUTED,taskpacks/history/UI-PRIORITY-CUTOVER-20261009/original-tree/taskpacks/current/OPEN-TASK-REGISTER.md,144
AG-18,OWNER DECISION NEEDED (boundary recorded),MERGED_REQUIREMENT,"WUI-01,WUI-20",继承有效保护和剩余验证；旧状态仅作历史，新任务仍NOT_EXECUTED,taskpacks/history/UI-PRIORITY-CUTOVER-20261009/original-tree/taskpacks/current/OPEN-TASK-REGISTER.md,145
AG-15,LANDED (option (a) authorised and executed; owner decision still open: making apps/control-surface a third module root),MERGED_REQUIREMENT,WUI-10,继承有效保护和剩余验证；旧状态仅作历史，新任务仍NOT_EXECUTED,taskpacks/history/UI-PRIORITY-CUTOVER-20261009/original-tree/taskpacks/current/OPEN-TASK-REGISTER.md,146
AG-16,"CONTRACT IMPLEMENTED@774a514 (local, unmerged); END-TO-END NOT_RUN",FROZEN_ARCHIVED,,通用Super Entry派工链退出当前范围,taskpacks/history/UI-PRIORITY-CUTOVER-20261009/original-tree/taskpacks/current/OPEN-TASK-REGISTER.md,147
AG-17,OWNER DECISION NEEDED (OD02),FROZEN_ARCHIVED,,Web-GPT传输接入不是核心UI前置,taskpacks/history/UI-PRIORITY-CUTOVER-20261009/original-tree/taskpacks/current/OPEN-TASK-REGISTER.md,148
AG-19,PARTIAL / BLOCKED / VERIFIABLE_HALF_NOW_GATED,MERGED_REQUIREMENT,WUI-17,继承有效保护和剩余验证；旧状态仅作历史，新任务仍NOT_EXECUTED,taskpacks/history/UI-PRIORITY-CUTOVER-20261009/original-tree/taskpacks/current/OPEN-TASK-REGISTER.md,149
AG-19b,SEARCHED@2026-10-01 (partial recovery; primary targets still absent),MERGED_REQUIREMENT,WUI-17,继承有效保护和剩余验证；旧状态仅作历史，新任务仍NOT_EXECUTED,taskpacks/history/UI-PRIORITY-CUTOVER-20261009/original-tree/taskpacks/current/OPEN-TASK-REGISTER.md,150
AG-20,DELIVERED / CI-GATED,MERGED_REQUIREMENT,"WUI-16,WUI-17,WUI-19",保留已有治理/路径/证据保护，剩余有用缺口并账；不先重做全仓历史整治阻塞UI,taskpacks/history/UI-PRIORITY-CUTOVER-20261009/original-tree/taskpacks/current/OPEN-TASK-REGISTER.md,151
AG-20b,RECORDED@bb8dc9f,MERGED_REQUIREMENT,"WUI-16,WUI-17,WUI-19",保留已有治理/路径/证据保护，剩余有用缺口并账；不先重做全仓历史整治阻塞UI,taskpacks/history/UI-PRIORITY-CUTOVER-20261009/original-tree/taskpacks/current/OPEN-TASK-REGISTER.md,152
AG-HANDOFF-01,RECORDED@9e68469,MERGED_REQUIREMENT,WUI-05,保留计量与质量保护,taskpacks/history/UI-PRIORITY-CUTOVER-20261009/original-tree/taskpacks/current/OPEN-TASK-REGISTER.md,153
SKILLS-20261005,IMPLEMENTED_LOCAL / CODEX_ASSETS_READBACK; aggregate PARTIAL,FROZEN_ARCHIVED,,一次性历史操作或新主线未要求的规划退出当前派工；证据和有效安全约束仍保留,taskpacks/history/UI-PRIORITY-CUTOVER-20261009/original-tree/taskpacks/current/OPEN-TASK-REGISTER.md,160
GATE-RECHECK-20261006,REPRODUCED_AS_GREEN (local canonical) / EXACT_SHA_CI_GREEN_AT_6f323a3_24of24,MERGED_REQUIREMENT,"WUI-16,WUI-17,WUI-19",保留已有治理/路径/证据保护，剩余有用缺口并账；不先重做全仓历史整治阻塞UI,taskpacks/history/UI-PRIORITY-CUTOVER-20261009/original-tree/taskpacks/current/OPEN-TASK-REGISTER.md,166
TOOLCHAIN-PROBE-20261006,CORRECTED — 推翻 AG-08 的机器级结论,MERGED_REQUIREMENT,"WUI-03,WUI-13,WUI-14,WUI-19",复用已实现桌面/交互/真值保护；只重验受新任务影响的部分,taskpacks/history/UI-PRIORITY-CUTOVER-20261009/original-tree/taskpacks/current/OPEN-TASK-REGISTER.md,167
U19-MSVC-20261006,BUILD_PASS + ARTIFACT_RUNS / DESKTOP_SURFACE_STILL_FAIL,MERGED_REQUIREMENT,"WUI-03,WUI-13,WUI-14,WUI-19",复用已实现桌面/交互/真值保护；只重验受新任务影响的部分,taskpacks/history/UI-PRIORITY-CUTOVER-20261009/original-tree/taskpacks/current/OPEN-TASK-REGISTER.md,168
U19-P0C-20261006,HARNESS_FIXED / INSTRUMENT_BUG_RETRACTED / RELEASE_BLANK_ROOT_CAUSE_OPEN,MERGED_REQUIREMENT,"WUI-03,WUI-13,WUI-14,WUI-19",复用已实现桌面/交互/真值保护；只重验受新任务影响的部分,taskpacks/history/UI-PRIORITY-CUTOVER-20261009/original-tree/taskpacks/current/OPEN-TASK-REGISTER.md,169
P0C-ACL-20261006,ROOT_CAUSE_FOUND / CAPTION_CONTROLS_FIXED / DESKTOP_REOBSERVATION_DEFERRED,MERGED_REQUIREMENT,"WUI-03,WUI-13,WUI-14,WUI-19",复用已实现桌面/交互/真值保护；只重验受新任务影响的部分,taskpacks/history/UI-PRIORITY-CUTOVER-20261009/original-tree/taskpacks/current/OPEN-TASK-REGISTER.md,170
WB-IMPORT-20261006,MIGRATED_VERIFIED / SOURCE_RETIRED,MERGED_REQUIREMENT,"WUI-16,WUI-17,WUI-19",保留已有治理/路径/证据保护，剩余有用缺口并账；不先重做全仓历史整治阻塞UI,taskpacks/history/UI-PRIORITY-CUTOVER-20261009/original-tree/taskpacks/current/OPEN-TASK-REGISTER.md,171
ERR105-FIX-20261006,FIXED_LOCAL / GATE_REGISTERED / REAL_TREE_FALSIFIED,MERGED_REQUIREMENT,"WUI-03,WUI-13,WUI-14,WUI-19",复用已实现桌面/交互/真值保护；只重验受新任务影响的部分,taskpacks/history/UI-PRIORITY-CUTOVER-20261009/original-tree/taskpacks/current/OPEN-TASK-REGISTER.md,172
TOPBAR-EDGE-20261006,FIXED_MEASURED_LOCAL / GATE_ADDED / DESKTOP_EYE_OWED,MERGED_REQUIREMENT,"WUI-03,WUI-13,WUI-14,WUI-19",复用已实现桌面/交互/真值保护；只重验受新任务影响的部分,taskpacks/history/UI-PRIORITY-CUTOVER-20261009/original-tree/taskpacks/current/OPEN-TASK-REGISTER.md,173
P0C-DESKTOP-PROOF-20261006,CDP_OVERCLAIM_RETRACTED / SURFACE_PROOF_STILL_OWED / LAUNCHES_STOPPED,MERGED_REQUIREMENT,"WUI-03,WUI-13,WUI-14,WUI-19",复用已实现桌面/交互/真值保护；只重验受新任务影响的部分,taskpacks/history/UI-PRIORITY-CUTOVER-20261009/original-tree/taskpacks/current/OPEN-TASK-REGISTER.md,174
ARTIFACT-RECEIPT-20261006,RECEIPT_LANDED / CI_AND_LOCAL_BUILDS_EMIT_IT / ERR105_BLINDSPOT_1_CLOSED,MERGED_REQUIREMENT,"WUI-03,WUI-13,WUI-14,WUI-19",复用已实现桌面/交互/真值保护；只重验受新任务影响的部分,taskpacks/history/UI-PRIORITY-CUTOVER-20261009/original-tree/taskpacks/current/OPEN-TASK-REGISTER.md,175
BLUEPRINT-DOC-20261006,LANDED_LOCAL / GATED_IN_CI / PUSH_AND_ABOUT_IN_FOLLOWUP,MERGED_REQUIREMENT,"WUI-03,WUI-13,WUI-14,WUI-19",复用已实现桌面/交互/真值保护；只重验受新任务影响的部分,taskpacks/history/UI-PRIORITY-CUTOVER-20261009/original-tree/taskpacks/current/OPEN-TASK-REGISTER.md,176
BLUEPRINT-SYNC-READBACK-20261006,PUSHED / PR_UPDATED / ABOUT_READBACK_OK / CI_NOT_GREEN,MERGED_REQUIREMENT,"WUI-03,WUI-13,WUI-14,WUI-19",复用已实现桌面/交互/真值保护；只重验受新任务影响的部分,taskpacks/history/UI-PRIORITY-CUTOVER-20261009/original-tree/taskpacks/current/OPEN-TASK-REGISTER.md,177
T02-FULLGATE-RERUN-20261006,LOCAL_AGGREGATE_RERUN_DONE / QUALITY_GATE_PASS / RESIDUALS_NAMED,MERGED_REQUIREMENT,"WUI-03,WUI-13,WUI-14,WUI-19",复用已实现桌面/交互/真值保护；只重验受新任务影响的部分,taskpacks/history/UI-PRIORITY-CUTOVER-20261009/original-tree/taskpacks/current/OPEN-TASK-REGISTER.md,178
CI-READBACK-FINAL-20261006,EXACT_SHA_GREEN / BREAK_TO_FIX_CHAIN_VISIBLE,MERGED_REQUIREMENT,"WUI-03,WUI-13,WUI-14,WUI-19",复用已实现桌面/交互/真值保护；只重验受新任务影响的部分,taskpacks/history/UI-PRIORITY-CUTOVER-20261009/original-tree/taskpacks/current/OPEN-TASK-REGISTER.md,179
UI-CHECK-20261006,AUDITED (read-only),MERGED_REQUIREMENT,"WUI-03,WUI-13,WUI-14,WUI-19",复用已实现桌面/交互/真值保护；只重验受新任务影响的部分,taskpacks/history/UI-PRIORITY-CUTOVER-20261009/original-tree/taskpacks/current/OPEN-TASK-REGISTER.md,180
SPILL-20261006,REGISTERED / NOT_CLEANED (需逐项授权),MERGED_REQUIREMENT,"WUI-03,WUI-13,WUI-14,WUI-19",复用已实现桌面/交互/真值保护；只重验受新任务影响的部分,taskpacks/history/UI-PRIORITY-CUTOVER-20261009/original-tree/taskpacks/current/OPEN-TASK-REGISTER.md,181
HANDOFF-20261006,"RECORDED (read-only handoff, grants nothing)",MERGED_REQUIREMENT,"WUI-03,WUI-13,WUI-14,WUI-19",复用已实现桌面/交互/真值保护；只重验受新任务影响的部分,taskpacks/history/UI-PRIORITY-CUTOVER-20261009/original-tree/taskpacks/current/OPEN-TASK-REGISTER.md,203
EYEBALL-U19-20261007,OWNER_OBSERVED / T03_U19_CONVERTED / INSTRUMENTS_NOT_OVERRIDDEN,MERGED_REQUIREMENT,"WUI-03,WUI-13,WUI-14,WUI-19",复用已实现桌面/交互/真值保护；只重验受新任务影响的部分,taskpacks/history/UI-PRIORITY-CUTOVER-20261009/original-tree/taskpacks/current/OPEN-TASK-REGISTER.md,210
UI-COMMERCIAL-20261007,REPAIRED_LOCAL / FALSIFIED_7_OF_7 / ARTIFACT_NOT_REBUILT_BY_DESIGN,MERGED_REQUIREMENT,"WUI-03,WUI-13,WUI-14,WUI-19",复用已实现桌面/交互/真值保护；只重验受新任务影响的部分,taskpacks/history/UI-PRIORITY-CUTOVER-20261009/original-tree/taskpacks/current/OPEN-TASK-REGISTER.md,211
ASSET-ABSORPTION-20261007,ABSORBED_MEASURED / FOREIGN_PARTS_KEPT_OUT / GATE_DOOR_OPENED,MERGED_REQUIREMENT,"WUI-07,WUI-08",保留能力来源、摘要、许可和目标适配的真实证据；不把资产清单当用量引擎或重跑OCR/ASR专项,taskpacks/history/UI-PRIORITY-CUTOVER-20261009/original-tree/taskpacks/current/OPEN-TASK-REGISTER.md,212
AG19-RECOVERY-20261007,4_OF_5_PINS_HASH_IDENTICAL / TIMELINE_NEGATIVELY_PROVEN / REGISTRY_AMENDED,MERGED_REQUIREMENT,"WUI-03,WUI-13,WUI-14,WUI-19",复用已实现桌面/交互/真值保护；只重验受新任务影响的部分,taskpacks/history/UI-PRIORITY-CUTOVER-20261009/original-tree/taskpacks/current/OPEN-TASK-REGISTER.md,213
U02-PATHS-20261007,FIXED_IN_REPO / PUBLISH_DEFERRED / U02_STILL_PARTIAL,MERGED_REQUIREMENT,"WUI-16,WUI-17,WUI-19",保留已有治理/路径/证据保护，剩余有用缺口并账；不先重做全仓历史整治阻塞UI,taskpacks/history/UI-PRIORITY-CUTOVER-20261009/original-tree/taskpacks/current/OPEN-TASK-REGISTER.md,214
GREENING-20261007,1.62_GB_RECOVERED / KEEP_LIST_VERIFIED / 6_FILES_LOST_BY_MY_BUG,MERGED_REQUIREMENT,"WUI-03,WUI-13,WUI-14,WUI-19",复用已实现桌面/交互/真值保护；只重验受新任务影响的部分,taskpacks/history/UI-PRIORITY-CUTOVER-20261009/original-tree/taskpacks/current/OPEN-TASK-REGISTER.md,215
RECORD-DRIFT-20261007,MEASURED_AND_CORRECTED_DATEDLY / HISTORY_NOT_REWRITTEN,MERGED_REQUIREMENT,"WUI-03,WUI-13,WUI-14,WUI-19",复用已实现桌面/交互/真值保护；只重验受新任务影响的部分,taskpacks/history/UI-PRIORITY-CUTOVER-20261009/original-tree/taskpacks/current/OPEN-TASK-REGISTER.md,216
U03-PARITY-20261007,BLOCKER_CLAIM_MEASURED_FALSE / BROWSER_ENTRY_PINNED / PROJECTION_TRUTH_PORTED_11_OF_11 / RENDER_TRUTH_PORTED_8_OF_8 / TRANSPORT_TRUTH_PORTED_15_OF_15 / BRAND_AND_WORDING_PORTED_5_OF_5 / STATIC_WEB_SWITCHED_OVER,MERGED_REQUIREMENT,"WUI-03,WUI-13,WUI-14,WUI-19",复用已实现桌面/交互/真值保护；只重验受新任务影响的部分,taskpacks/history/UI-PRIORITY-CUTOVER-20261009/original-tree/taskpacks/current/OPEN-TASK-REGISTER.md,217
RECEIPT-V2-20261007,FRONTEND_CHAIN_ATTESTED / FAIL_CLOSED_ON_MISMATCH / CI_STEP_ADDED,MERGED_REQUIREMENT,"WUI-03,WUI-13,WUI-14,WUI-19",复用已实现桌面/交互/真值保护；只重验受新任务影响的部分,taskpacks/history/UI-PRIORITY-CUTOVER-20261009/original-tree/taskpacks/current/OPEN-TASK-REGISTER.md,218
CANDIDATE-ROWS-20261007,ROW_KEYED / 21_CANDIDATES_19_ROWS / GATE_FALSIFIED_4_OF_4,MERGED_REQUIREMENT,"WUI-16,WUI-17,WUI-19",保留已有治理/路径/证据保护，剩余有用缺口并账；不先重做全仓历史整治阻塞UI,taskpacks/history/UI-PRIORITY-CUTOVER-20261009/original-tree/taskpacks/current/OPEN-TASK-REGISTER.md,219
POOL-DECISIONS-20261007,15_RETIRED_7_KEPT_0_PROMOTED / GATE_FALSIFIED_10_OF_10 / ERR-126,MERGED_REQUIREMENT,"WUI-03,WUI-13,WUI-14,WUI-19",复用已实现桌面/交互/真值保护；只重验受新任务影响的部分,taskpacks/history/UI-PRIORITY-CUTOVER-20261009/original-tree/taskpacks/current/OPEN-TASK-REGISTER.md,220
MODELS-20261007,45.20_GIB_REHASHED_9_OF_9_DIGESTS_MATCH / ORPHANS_RECHECKED / GATE_FALSIFIED_14_OF_14 / ERR-127,MERGED_REQUIREMENT,"WUI-16,WUI-17,WUI-19",保留已有治理/路径/证据保护，剩余有用缺口并账；不先重做全仓历史整治阻塞UI,taskpacks/history/UI-PRIORITY-CUTOVER-20261009/original-tree/taskpacks/current/OPEN-TASK-REGISTER.md,221
CI-SURFACE-20261007,THIRD_OCCURRENCE_NAME-RECORDED / WHOLE-WORKFLOW_REPRO_ADDED / ERR-128,MERGED_REQUIREMENT,"WUI-03,WUI-13,WUI-14,WUI-19",复用已实现桌面/交互/真值保护；只重验受新任务影响的部分,taskpacks/history/UI-PRIORITY-CUTOVER-20261009/original-tree/taskpacks/current/OPEN-TASK-REGISTER.md,222
GREENING-20261007-E,"116,216,094_B_RELEASED_0_CITED_LOST / PROBES_PROMOTED_TO_TRACKED_5 / RETAIN_LIST_WITH_SIZES / ERR-129",MERGED_REQUIREMENT,"WUI-03,WUI-13,WUI-14,WUI-19",复用已实现桌面/交互/真值保护；只重验受新任务影响的部分,taskpacks/history/UI-PRIORITY-CUTOVER-20261009/original-tree/taskpacks/current/OPEN-TASK-REGISTER.md,223
DURABLE-PROMISES-20261007,43_PROMISES_SCANNED_17_REPOINTED_2_WERE_FALSE_POSITIVES / GATE_FALSIFIED_4_OF_4 / ERR-130,MERGED_REQUIREMENT,"WUI-10,WUI-15,WUI-20",保留安全/授权/回执与合同能力；协作不作为核心发布前置，公共缺陷按实际调用影响处理,taskpacks/history/UI-PRIORITY-CUTOVER-20261009/original-tree/taskpacks/current/OPEN-TASK-REGISTER.md,224
CI-LOCALE-20261007,REPRO_4_FAILURES_3_WERE_MY_SKIPS_1_WAS_REAL / COMMAND_NOW_LOCALE_INDEPENDENT / GATE_REFUSES_BARE_TEXT_READS / ERR-131,MERGED_REQUIREMENT,"WUI-16,WUI-17,WUI-19",保留已有治理/路径/证据保护，剩余有用缺口并账；不先重做全仓历史整治阻塞UI,taskpacks/history/UI-PRIORITY-CUTOVER-20261009/original-tree/taskpacks/current/OPEN-TASK-REGISTER.md,225
CITATION-TRIAGE-20261007,365_TOKENS_200_ABSENT_16_REVIEW_0_UNADJUDICATED / 2_SENTENCES_REPAIRED_IN_PLACE / GATE_ADDED_8_TESTS / ERR-132,MERGED_REQUIREMENT,WUI-05,保留计量与质量保护,taskpacks/history/UI-PRIORITY-CUTOVER-20261009/original-tree/taskpacks/current/OPEN-TASK-REGISTER.md,226
GREENING-20261007-H,"264,519,230_B_FREED_1_FILE_0_TREE_TOUCHED / EXTRACTION_PROVEN_52_OF_52_CRC_IDENTICAL / AUDIT_BEFORE_DELETION / ERR-133",MERGED_REQUIREMENT,"WUI-16,WUI-17,WUI-19",保留已有治理/路径/证据保护，剩余有用缺口并账；不先重做全仓历史整治阻塞UI,taskpacks/history/UI-PRIORITY-CUTOVER-20261009/original-tree/taskpacks/current/OPEN-TASK-REGISTER.md,227
LICENCE-20261007,13_VALUES_WRITTEN_FROM_FETCHED_EVIDENCE_1_KEPT_UNKNOWN / 2_CANONICAL_URLS_REPLACED_WITH_OLD_VALUE_PRESERVED / GATE_9_TESTS_6_CONTROLS / docs/audits/LICENCE_READBACK_2026-10-07.json,MERGED_REQUIREMENT,"WUI-03,WUI-13,WUI-14,WUI-19",复用已实现桌面/交互/真值保护；只重验受新任务影响的部分,taskpacks/history/UI-PRIORITY-CUTOVER-20261009/original-tree/taskpacks/current/OPEN-TASK-REGISTER.md,228
U02-LIVEPATH-20261007,104_DEAD_COMMAND_REFS_FOUND / 75_REPOINTED_23_PATHS / 29_KEPT_WITH_WRITTEN_REASON / GATE_9_TESTS / ERR-135,MERGED_REQUIREMENT,"WUI-03,WUI-13,WUI-14,WUI-19",复用已实现桌面/交互/真值保护；只重验受新任务影响的部分,taskpacks/history/UI-PRIORITY-CUTOVER-20261009/original-tree/taskpacks/current/OPEN-TASK-REGISTER.md,229
CURRENT-STATE-20261007,PUSH_RED_AT_51c723D_CAUSED_BY_MY_SKIP / SNAPSHOT_REGENERATED / FRESHNESS_PASS / ERR-136,MERGED_REQUIREMENT,"WUI-10,WUI-15,WUI-20",保留安全/授权/回执与合同能力；协作不作为核心发布前置，公共缺陷按实际调用影响处理,taskpacks/history/UI-PRIORITY-CUTOVER-20261009/original-tree/taskpacks/current/OPEN-TASK-REGISTER.md,230
U02-PUBLISH-20261007,BLOCKED_BY_ONE_UNREVIEWED_LIVE_TARGET / PUBLISH_REFUSED_BY_GUARD / MANAGED_SKILL_EDIT_HELD_BACK / ERR-137,MERGED_REQUIREMENT,"WUI-16,WUI-17",保留已知部署投影冲突与拒绝发布状态；仅登记获准范围的源/副本漂移，无全局写授权不发布,taskpacks/history/UI-PRIORITY-CUTOVER-20261009/original-tree/taskpacks/current/OPEN-TASK-REGISTER.md,231
LEDGER-BINDING-20261007,21_RECORDS_BOUND_TO_A_COMMIT_WITH_A_TREE_CHECK / 8_BOUND_FROM_COMMIT_MESSAGES / 99_PASS_RECORDS_EXPLICITLY_OWED / 2_GATES_21_TESTS / docs/audits/LEDGER_FIX_COMMIT_BINDING_2026-10-07.json,MERGED_REQUIREMENT,"WUI-16,WUI-17,WUI-19",保留已有治理/路径/证据保护，剩余有用缺口并账；不先重做全仓历史整治阻塞UI,taskpacks/history/UI-PRIORITY-CUTOVER-20261009/original-tree/taskpacks/current/OPEN-TASK-REGISTER.md,232
GREENING-20261007-I,"27_PYCACHE_DIRS_9,740,083_B_RELEASED / 0_TRACKED_FILES_TOUCHED / MANIFEST_BEFORE_DELETE / TOOL scripts/maintenance/release_source_tree_bytecode.py",MERGED_REQUIREMENT,"WUI-03,WUI-13,WUI-14,WUI-19",复用已实现桌面/交互/真值保护；只重验受新任务影响的部分,taskpacks/history/UI-PRIORITY-CUTOVER-20261009/original-tree/taskpacks/current/OPEN-TASK-REGISTER.md,233
REQ-RANGE-20261007,BACKEND_LANDED_LOCAL_TESTED / OBSERVER_ROUTE_READ_ONLY / HANDLES_PROJECTED_CAP200_TRUNCATED / UI_CONSUMER_WIRED@0e95af85 / EXACT_SHA_CI_NOT_READ,MERGED_REQUIREMENT,"WUI-03,WUI-13,WUI-14,WUI-19",复用已实现桌面/交互/真值保护；只重验受新任务影响的部分,taskpacks/history/UI-PRIORITY-CUTOVER-20261009/original-tree/taskpacks/current/OPEN-TASK-REGISTER.md,234
E5-LANE-STATE-MATRIX-20261008,LANDED_LOCAL / PERMISSION_STATE_BOTH_DIRECTIONS,MERGED_REQUIREMENT,"WUI-03,WUI-13,WUI-14,WUI-19",复用已实现桌面/交互/真值保护；只重验受新任务影响的部分,taskpacks/history/UI-PRIORITY-CUTOVER-20261009/original-tree/taskpacks/current/OPEN-TASK-REGISTER.md,235
SPILL-ADJUDICATION-20261007,16_HITS_ALL_ADJUDICATED / 0_UNADJUDICATED / 1_PROJECT_AUTHORED_ORIGINAL_RECOVERED_IN / 19_TEMP_DIRS_RELEASED / VERDICT NAMED_OUTSIDE_ROOT_ADJUDICATED_AND_RECOVERED,MERGED_REQUIREMENT,"WUI-16,WUI-17,WUI-19",保留已有治理/路径/证据保护，剩余有用缺口并账；不先重做全仓历史整治阻塞UI,taskpacks/history/UI-PRIORITY-CUTOVER-20261009/original-tree/taskpacks/current/OPEN-TASK-REGISTER.md,236
TEMP-FIXTURE-DEBT-20261007,28_BARE_MKDTEMP_SITES_OWED / 12_TEST_FILES_21_SITES / 3_PRODUCTION_FILES_7_SITES / ROOT_CAUSE_FIXED_IN_tests_ci_test_project_authority_reference.py / ERR-140,MERGED_REQUIREMENT,"WUI-16,WUI-17,WUI-19",保留已有治理/路径/证据保护，剩余有用缺口并账；不先重做全仓历史整治阻塞UI,taskpacks/history/UI-PRIORITY-CUTOVER-20261009/original-tree/taskpacks/current/OPEN-TASK-REGISTER.md,237
INSTRUMENT-FIXES-20261007,AUDIT_SELF_SCAN_REMOVED_1.7MB_TO_130KB / POLICY_SCANNER_BLIND_TO_LIST_STRINGS_ERR-139 / 2_NEW_GATE_MODULES,MERGED_REQUIREMENT,"WUI-03,WUI-13,WUI-14,WUI-19",复用已实现桌面/交互/真值保护；只重验受新任务影响的部分,taskpacks/history/UI-PRIORITY-CUTOVER-20261009/original-tree/taskpacks/current/OPEN-TASK-REGISTER.md,238
AG19-RECORD-20261007,114_FILES_AND_31382_ZIP_MEMBERS_TESTED / 0_SIZE_HITS_FOR_THE_TWO_PINNED_SIZES / 1_DIGEST_MATCH_BY_NORMALIZED_NAME / 2_TARGETS_HAVE_NO_PIN_SO_NO_HASH_PROOF / TOOL scripts/audit/ag19_record_root_pin_test.py,MERGED_REQUIREMENT,"WUI-16,WUI-17,WUI-19",保留已有治理/路径/证据保护，剩余有用缺口并账；不先重做全仓历史整治阻塞UI,taskpacks/history/UI-PRIORITY-CUTOVER-20261009/original-tree/taskpacks/current/OPEN-TASK-REGISTER.md,239
CI-MACHINE-STATE-20261007,CI_RED_AT_c53de17_AND_3e1f88b / RULE_FIXED / CLEAN_CHECKOUT_SIM_VERIFIES / ERR-142 / CI_READBACK_OWED_AT_9e518e2,MERGED_REQUIREMENT,"WUI-10,WUI-15,WUI-20",保留安全/授权/回执与合同能力；协作不作为核心发布前置，公共缺陷按实际调用影响处理,taskpacks/history/UI-PRIORITY-CUTOVER-20261009/original-tree/taskpacks/current/OPEN-TASK-REGISTER.md,240
LEDGER-PROMISE-STATE-20261007,"140_RECORDS_LABELLED / 50_OPERANDS_REPOINTED / 34_PATH_GONE / 44_NO_FILE_OPERAND / 3_OUT_OF_REPO / 28_BOUND_95_REFUSED_WITH_REASONS / TOOLS scripts/audit/ledger_regression_command_targets.py, scripts/audit/bind_ledger_fixes_with_guards.py",MERGED_REQUIREMENT,"WUI-10,WUI-15,WUI-20",保留安全/授权/回执与合同能力；协作不作为核心发布前置，公共缺陷按实际调用影响处理,taskpacks/history/UI-PRIORITY-CUTOVER-20261009/original-tree/taskpacks/current/OPEN-TASK-REGISTER.md,241
UI-PRODUCT-PROMPT-20261007,"并入目标（owner 2026-10-07 指令：按提示词把 UI 任务并入） / 基底=285704a（实测 `cd4daa83` 并入是 no-op：其为主分支祖先且 Codex worktree 零未提交内容） / 清单实测 G1 缺 PermissionState 与动作级 disabled＋原因、G2 顶栏无品牌图形且 `TopStatusBar.tsx:62` 有 1 处 `#F59E0B` 字面量、G3 既有 CDP 几何探针未接 CI / 不装新包（20 个自研 primitive 已覆盖 Table・Approval Dialog・Command palette，且无 Radix 需求） / UI 码不提交不推送→【2026-10-07 owner 后续指令""继续 完成UI任务 不管是合并迁移等 有问题就修复更新""覆盖】UI 码已提交并并入收敛线（merge `85545b3`，实测 `git merge-base --is-ancestor 85545b3 5037dd2` 为真，即全绿头的祖先；仍只在任务分支，未进 main）；G1/G2/G3 全部落地，runner 侧读回见 `UI_IMPLEMENTATION_REPORT.md` §11–§13",MERGED_REQUIREMENT,"WUI-03,WUI-13,WUI-14,WUI-19",复用已实现桌面/交互/真值保护；只重验受新任务影响的部分,taskpacks/history/UI-PRIORITY-CUTOVER-20261009/original-tree/taskpacks/current/OPEN-TASK-REGISTER.md,242
GEOMETRY-GATE-20261007,已落地＝判定逻辑＋拒绝语义＋真实浏览器读回（该步骤已是 CI 必需项：`.github/workflows/work-lab-gate.yml:224`，run `37585453264` / head `8847cdc` 两档均 `GEOMETRY_GATE_PASS`）/ 未落地＝面板窗内容区是否等于 `tauri.conf.json` 声明的 440×780——这要从 Tauri 侧读回窗口内部尺寸，CDP 的仿真视口不能替代 / 本轮附带收口＝同一次运行报出的 `GEOMETRY_GATE_RESIDUE`（Windows 下 Chrome 子进程持有 `--user-data-dir` 句柄，单次 `rmtree` 删不掉）已修为有界重试并在删不掉时报名字，见 ERR-165,MERGED_REQUIREMENT,"WUI-03,WUI-13,WUI-14,WUI-19",复用已实现桌面/交互/真值保护；只重验受新任务影响的部分,taskpacks/history/UI-PRIORITY-CUTOVER-20261009/original-tree/taskpacks/current/OPEN-TASK-REGISTER.md,244
AG19-PROMOTION-20261007,2_ROWS_TRACKED_AND_GATED / HANDOFF_STATUS_CORRECTED / NEW_INSTRUMENT_FALSIFIED_8_OF_8,MERGED_REQUIREMENT,"WUI-03,WUI-13,WUI-14,WUI-19",复用已实现桌面/交互/真值保护；只重验受新任务影响的部分,taskpacks/history/UI-PRIORITY-CUTOVER-20261009/original-tree/taskpacks/current/OPEN-TASK-REGISTER.md,245
UI-TRANSPORT-TRUTH-20261007,MATRIX_MEASURED_21x4 / THREE_FALSE_POSITIVES_CAUGHT_BEFORE_WRITING / SWEEP_LANDED_11_CASES,MERGED_REQUIREMENT,"WUI-03,WUI-13,WUI-14,WUI-19",复用已实现桌面/交互/真值保护；只重验受新任务影响的部分,taskpacks/history/UI-PRIORITY-CUTOVER-20261009/original-tree/taskpacks/current/OPEN-TASK-REGISTER.md,246
HERMES-VERSION-SOURCE-20261007,STAMP_IS_THE_CLIS_OWN_FIRST_SOURCE / DECLARED_AGED_TWICE / PIN_NOW_BLOB_BASED,MERGED_REQUIREMENT,"WUI-03,WUI-13,WUI-14,WUI-19",复用已实现桌面/交互/真值保护；只重验受新任务影响的部分,taskpacks/history/UI-PRIORITY-CUTOVER-20261009/original-tree/taskpacks/current/OPEN-TASK-REGISTER.md,247
GREENING-20261007-J,"ELIGIBLE_BYTES_1,460,600_OF_4.19_GB / NOTHING_MORE_SAFELY_RELEASABLE / MEASURED_NOT_ASSUMED",MERGED_REQUIREMENT,"WUI-03,WUI-13,WUI-14,WUI-19",复用已实现桌面/交互/真值保护；只重验受新任务影响的部分,taskpacks/history/UI-PRIORITY-CUTOVER-20261009/original-tree/taskpacks/current/OPEN-TASK-REGISTER.md,248
GATE-PROVENANCE-20261007,THREE_CHECKER_DEFECTS_FIXED / EACH_FALSIFIED_BOTH_DIRECTIONS / LEDGER_160_ROWS,MERGED_REQUIREMENT,"WUI-03,WUI-13,WUI-14,WUI-19",复用已实现桌面/交互/真值保护；只重验受新任务影响的部分,taskpacks/history/UI-PRIORITY-CUTOVER-20261009/original-tree/taskpacks/current/OPEN-TASK-REGISTER.md,249
P1-02-RECORD-FOCUS-20261008,LANDED_LOCAL_READBACK_SYNTHETIC / UI_BEHAVIOR_PROVEN / EXACT_SHA_CI_NOT_RUN(no commit authorization),MERGED_REQUIREMENT,"WUI-03,WUI-13,WUI-14,WUI-19",复用已实现桌面/交互/真值保护；只重验受新任务影响的部分,taskpacks/history/UI-PRIORITY-CUTOVER-20261009/original-tree/taskpacks/current/OPEN-TASK-REGISTER.md,250
P1-06-CONTROL-SURFACE-20261008,LANDED_LOCAL_INTEGRATED_PROOF / OBSERVER_STILL_405 / EXACT_SHA_CI_RED_AT_f9f38d6_4of24 / 27c3e21_NEVER_RAN,MERGED_REQUIREMENT,"WUI-03,WUI-13,WUI-14,WUI-19",复用已实现桌面/交互/真值保护；只重验受新任务影响的部分,taskpacks/history/UI-PRIORITY-CUTOVER-20261009/original-tree/taskpacks/current/OPEN-TASK-REGISTER.md,251
P2-04-CHANGED-SCOPE-20261008,DEFECT_PROVEN_FIXED / WIRING_LANDED / EXACT_SHA_CI_NOT_RUN(no commit authorization),MERGED_REQUIREMENT,"WUI-03,WUI-13,WUI-14,WUI-19",复用已实现桌面/交互/真值保护；只重验受新任务影响的部分,taskpacks/history/UI-PRIORITY-CUTOVER-20261009/original-tree/taskpacks/current/OPEN-TASK-REGISTER.md,252
P1-03-AGENT-CAPABILITY-CARDS-20261008,LANDED_LOCAL_LIVE_READBACK / EXACT_SHA_CI_NOT_RUN(no commit authorization),MERGED_REQUIREMENT,"WUI-03,WUI-13,WUI-14,WUI-19",复用已实现桌面/交互/真值保护；只重验受新任务影响的部分,taskpacks/history/UI-PRIORITY-CUTOVER-20261009/original-tree/taskpacks/current/OPEN-TASK-REGISTER.md,253
QODER-FULLSTACK-20261007,CARD_LANDED / LOCAL_FULL_GATE_PASS_ON_THIS_HOST / PRIOR_FAIL_CLAIM_CORRECTED,MERGED_REQUIREMENT,"WUI-03,WUI-13,WUI-14,WUI-19",复用已实现桌面/交互/真值保护；只重验受新任务影响的部分,taskpacks/history/UI-PRIORITY-CUTOVER-20261009/original-tree/taskpacks/current/OPEN-TASK-REGISTER.md,254
SECURITY-REVIEW-20261008,ROUND_LANDED_BOUND_RECORDS / EXACT_SHA_CI_RED_AT_9bbadaf_4of24 / VERIFIED_COMMIT_NULL,MERGED_REQUIREMENT,"WUI-10,WUI-15,WUI-20",保留安全/授权/回执与合同能力；协作不作为核心发布前置，公共缺陷按实际调用影响处理,taskpacks/history/UI-PRIORITY-CUTOVER-20261009/original-tree/taskpacks/current/OPEN-TASK-REGISTER.md,255
SECURITY-PUBLIC-EXPOSURE-20261008,"OWNER DECISION NEEDED (measured, not assumed)",MERGED_REQUIREMENT,"WUI-10,WUI-17",继承有效保护和剩余验证；旧状态仅作历史，新任务仍NOT_EXECUTED,taskpacks/history/UI-PRIORITY-CUTOVER-20261009/original-tree/taskpacks/current/OPEN-TASK-REGISTER.md,256
CONTRACT-SHAPE-ADJUDICATION-20261008,ONE_HALF_CLOSED_LOCAL / ONE_HALF_OWNER_DECISION_NEEDED,MERGED_REQUIREMENT,"WUI-03,WUI-13,WUI-14,WUI-19",复用已实现桌面/交互/真值保护；只重验受新任务影响的部分,taskpacks/history/UI-PRIORITY-CUTOVER-20261009/original-tree/taskpacks/current/OPEN-TASK-REGISTER.md,257
TRACEABILITY-UNREACHABLE-SHA-20261008,MEASURED_AND_MAPPED_NOT_YET_REPAIRED,MERGED_REQUIREMENT,WUI-16,继承有效保护和剩余验证；旧状态仅作历史，新任务仍NOT_EXECUTED,taskpacks/history/UI-PRIORITY-CUTOVER-20261009/original-tree/taskpacks/current/OPEN-TASK-REGISTER.md,258
SIDECAR-405-BYTES-20261008,CLOSED_LOCAL / ERR187_BOUNDARY_CORRECTED,MERGED_REQUIREMENT,"WUI-10,WUI-15",Observer/sidecar non-GET 405及字节真值保护继续继承，历史修复不重做,taskpacks/history/UI-PRIORITY-CUTOVER-20261009/original-tree/taskpacks/current/OPEN-TASK-REGISTER.md,259
GITIGNORE-PROBE-SHAPE-20261008,CLOSED_LOCAL / GUARDED,MERGED_REQUIREMENT,"WUI-17,WUI-19",保留文件级路径与忽略规则检查，防归档或输出丢失；与主题任务无关,taskpacks/history/UI-PRIORITY-CUTOVER-20261009/original-tree/taskpacks/current/OPEN-TASK-REGISTER.md,260
REGISTER-PATH-GUARD-20261008,BUILT_LOCAL / GUARDED_IN_CI_LOCAL / EXACT_SHA_CI_GREEN_AT_5EF54C88,MERGED_REQUIREMENT,"WUI-16,WUI-17",新账本与当前引用保持完整；冻结旧账本断链作历史证据，不为了旧页数重建派工,taskpacks/history/UI-PRIORITY-CUTOVER-20261009/original-tree/taskpacks/current/OPEN-TASK-REGISTER.md,261
DOC-REFERENCE-WIDENING-20261008,CLOSED_LOCAL / GATED_IN_CI / EXACT_SHA_CI_NOT_RUN(no push at this commit yet),MERGED_REQUIREMENT,"WUI-16,WUI-17",保留现行文档引用完整性护栏；只处理影响当前入口的消费者，不成为UI开工前置,taskpacks/history/UI-PRIORITY-CUTOVER-20261009/original-tree/taskpacks/current/OPEN-TASK-REGISTER.md,262
REGISTER-CELL-TRUTH-20261008,REPAIRED_LOCAL_20261008 / ONE_ASK_STILL_OWNER (registry producer),MERGED_REQUIREMENT,"WUI-16,WUI-17,WUI-19",保留声明与真实文件/状态的对应性；历史声明不得充当新任务通过证据,taskpacks/history/UI-PRIORITY-CUTOVER-20261009/original-tree/taskpacks/current/OPEN-TASK-REGISTER.md,263
CI-CHECK-REACHABILITY-20261008,CLOSED_LOCAL / GATED_IN_CI / EXACT_SHA_CI_NOT_AT_THIS_COMMIT,MERGED_REQUIREMENT,WUI-19,保留必要CI检查本地可达及未执行诚实性；不以页面重组删除门禁,taskpacks/history/UI-PRIORITY-CUTOVER-20261009/original-tree/taskpacks/current/OPEN-TASK-REGISTER.md,264
CURRENT-STATE-FRESHNESS-ROUTE-20261008,CLOSED_LOCAL / RED_IN_CI_AT_6E6D4FBF_FIXED_HERE,MERGED_REQUIREMENT,"WUI-16,WUI-19",保留按门禁mode核对CURRENT_STATE新鲜度；不归入可选教学协作,taskpacks/history/UI-PRIORITY-CUTOVER-20261009/original-tree/taskpacks/current/OPEN-TASK-REGISTER.md,265
TEMP-RESIDUE-RECLAIM-20261008,CLOSED_LOCAL / RECLAIMED_MEASURED / GUARDED,MERGED_REQUIREMENT,"WUI-18,WUI-19",保留临时目录有界和正常释放的回归；不继承无范围的大量清理授权,taskpacks/history/UI-PRIORITY-CUTOVER-20261009/original-tree/taskpacks/current/OPEN-TASK-REGISTER.md,266
REGISTER-CI-CLAIM-GATE-20261008,CORRECTED_MEASURED / GUARDED_OFFLINE / LIVE_TOOL_PUBLISHED,MERGED_REQUIREMENT,WUI-19,保留exact-SHA CI声明的具名证据检查，本地测试不冒充远端CI,taskpacks/history/UI-PRIORITY-CUTOVER-20261009/original-tree/taskpacks/current/OPEN-TASK-REGISTER.md,267
GATE-COMPILE-SCOPE-20261008,REPAIRED_MEASURED / SCOPE_WIDENED / GUARDED,MERGED_REQUIREMENT,WUI-19,保留实际变更范围编译与门禁发现保护，不把局部语法通过写成全仓通过,taskpacks/history/UI-PRIORITY-CUTOVER-20261009/original-tree/taskpacks/current/OPEN-TASK-REGISTER.md,268
BRAND-MARK-MOUNT-20261008,MOUNTED_LOCAL / GATED / RENDER_VERIFIED_IN_BROWSER(no-node claim retracted),MERGED_REQUIREMENT,"WUI-03,WUI-13,WUI-14,WUI-19",复用已实现桌面/交互/真值保护；只重验受新任务影响的部分,taskpacks/history/UI-PRIORITY-CUTOVER-20261009/original-tree/taskpacks/current/OPEN-TASK-REGISTER.md,269
QUICK-ENTRY-CONTRACT-20261008,SPEC_AND_CONSUMER_LANDED / NO_USER_SURFACE_YET / GATED_BY_16_TESTS,FROZEN_ARCHIVED,,通用薄入口规格保留历史，不强制建新执行入口,taskpacks/history/UI-PRIORITY-CUTOVER-20261009/original-tree/taskpacks/current/OPEN-TASK-REGISTER.md,270
GATE-RUNNER-ENCODING-20261008,CLOSED_LOCAL / GUARDED / RECEIPT_REGAINED,MERGED_REQUIREMENT,WUI-19,复用已修门禁输出编码与错误分类，真实失败不当产品通过,taskpacks/history/UI-PRIORITY-CUTOVER-20261009/original-tree/taskpacks/current/OPEN-TASK-REGISTER.md,271
FIXTURE-NAME-READABILITY-20261008,CLOSED_LOCAL / GUARDED / RESIDUE_RECLAIMED,MERGED_REQUIREMENT,"WUI-16,WUI-17,WUI-19",保留已有治理/路径/证据保护，剩余有用缺口并账；不先重做全仓历史整治阻塞UI,taskpacks/history/UI-PRIORITY-CUTOVER-20261009/original-tree/taskpacks/current/OPEN-TASK-REGISTER.md,272
LEDGER-PUBLISHER-REASON-LOSS-20261008,RESTORED / GUARDED / SILENT_BY_CONSTRUCTION,MERGED_REQUIREMENT,"WUI-16,WUI-17,WUI-19",保留已有治理/路径/证据保护，剩余有用缺口并账；不先重做全仓历史整治阻塞UI,taskpacks/history/UI-PRIORITY-CUTOVER-20261009/original-tree/taskpacks/current/OPEN-TASK-REGISTER.md,273
UI-RAIL-REACHABILITY-20261008,CLOSED_LOCAL / GUARDED,MERGED_REQUIREMENT,"WUI-03,WUI-13,WUI-14,WUI-19",复用已实现桌面/交互/真值保护；只重验受新任务影响的部分,taskpacks/history/UI-PRIORITY-CUTOVER-20261009/original-tree/taskpacks/current/OPEN-TASK-REGISTER.md,274
UI-LEGIBILITY-CONTRACT-20261008,CLOSED_LOCAL / GUARDED / ONE_FEATURE_REVERTED,MERGED_REQUIREMENT,"WUI-03,WUI-13,WUI-14,WUI-19",复用已实现桌面/交互/真值保护；只重验受新任务影响的部分,taskpacks/history/UI-PRIORITY-CUTOVER-20261009/original-tree/taskpacks/current/OPEN-TASK-REGISTER.md,275
OBSERVER-FRONTEND-CONTRACTS-IN-GATE-20261008,CLOSED_LOCAL / GUARDED,MERGED_REQUIREMENT,"WUI-15,WUI-19",保留生产前端合同和vitest规范门禁；页数断言可修，必要行为门不得删,taskpacks/history/UI-PRIORITY-CUTOVER-20261009/original-tree/taskpacks/current/OPEN-TASK-REGISTER.md,276
RECORD-ORIGINALS-IMPORT-20261008,CLOSED_LOCAL / READ_ONLY_SOURCE_RESPECTED,MERGED_REQUIREMENT,"WUI-16,WUI-17,WUI-19",保留已有治理/路径/证据保护，剩余有用缺口并账；不先重做全仓历史整治阻塞UI,taskpacks/history/UI-PRIORITY-CUTOVER-20261009/original-tree/taskpacks/current/OPEN-TASK-REGISTER.md,277
UI-CONTRAST-LIVE-CENSUS-20261008,CLOSED_LOCAL / GUARDED / INSTRUMENT_CORRECTED,MERGED_REQUIREMENT,"WUI-03,WUI-13,WUI-14,WUI-19",复用已实现桌面/交互/真值保护；只重验受新任务影响的部分,taskpacks/history/UI-PRIORITY-CUTOVER-20261009/original-tree/taskpacks/current/OPEN-TASK-REGISTER.md,278
UI-ALL-VIEWS-LEGIBILITY-20261008,CLOSED_LOCAL / GUARDED / INSTRUMENT_EXTENDED,MERGED_REQUIREMENT,"WUI-03,WUI-13,WUI-14,WUI-19",复用已实现桌面/交互/真值保护；只重验受新任务影响的部分,taskpacks/history/UI-PRIORITY-CUTOVER-20261009/original-tree/taskpacks/current/OPEN-TASK-REGISTER.md,279
UI-WIDTH-BAND-SWEEP-20261008,CLOSED_LOCAL / GUARDED / ONE_BAND_STILL_UNBUILT,PARTIAL_MERGE_SCOPE_REMOVED,WUI-14,继承桌面宽度/可读性仪表；手机窄带义务直接取消，不建立延后/冻结手机任务,taskpacks/history/UI-PRIORITY-CUTOVER-20261009/original-tree/taskpacks/current/OPEN-TASK-REGISTER.md,280
UI-WINDOW-FLOOR-BAND-20261008,CLOSED_AS_STANDARD_DEFECT / BOTH_IMPLEMENTATIONS_DISCARDED / FLOOR_PASS_ENFORCED,MERGED_REQUIREMENT,"WUI-03,WUI-13,WUI-14,WUI-19",复用已实现桌面/交互/真值保护；只重验受新任务影响的部分,taskpacks/history/UI-PRIORITY-CUTOVER-20261009/original-tree/taskpacks/current/OPEN-TASK-REGISTER.md,281
REFS-RATCHET-HISTORY-SURFACES-20261009,OPEN / NAIVE_SWITCH_MEASURED_3262_OF_4153 / THREE_POLICY_SPLIT_DECIDED / NOT_SWITCHED_ON,MERGED_REQUIREMENT,WUI-17,继承有效保护和剩余验证；旧状态仅作历史，新任务仍NOT_EXECUTED,taskpacks/history/UI-PRIORITY-CUTOVER-20261009/original-tree/taskpacks/current/OPEN-TASK-REGISTER.md,282
