id,phase,trigger,expected,required_evidence,blocking,actual_result,evidence_path,commit
T01,P1,1280px与1440px,正文仍14px，布局重排，未用画布缩放,浏览器截图与计算字号,是,部分通过：1280 与 1440 两档各 28 条泳道在真实浏览器测量，字号低于 12px 的节点 0 个、AA 对比失败 0 个、窄带无横向溢出（scrollWidth==innerWidth）。缺：包要求正文 14px，现行默认正文 16px 是 owner 未撤销的既有决定，本行按现行值判；另外没有任何仪表探测「未用画布缩放」（display_scaling 自己声明它不是位图检查）。,.project-local/artifacts/wui-20261009/legibility-allviews-fresh.json;.project-local/artifacts/wui-20261009/legibility-1440.json;.project-local/artifacts/wui-20261009/geometry-freshbundle.json;scripts/audit/display_scaling_via_cdp.py:18,UNCOMMITTED_WORKING_SET
T02,P1,768px与390px与320px,导航抽屉、表单/差异单列；主页面不横向溢出,各宽度实际截图,是,不执行（按决定）：390px/320px 抽屉与单列窄带属用户 2026-10-07 已删除的手机范围，本仓桌面壳权威测试现行有效，故本行不是「没做到」而是「按决定不做」；768px 一档也一并停在同一权威下。,tests/ci/test_desktop_only_shell.py:3,UNCOMMITTED_WORKING_SET
T03,P1,深浅主题与键盘,焦点可见，文字/图标状态不只靠颜色,实际键盘与对比度证据,是,部分通过：深/浅两主题每个文本节点 AA 4.5:1 通过（0 失败），节点图把每个条件用文字说出而不只靠色点，焦点控件不被遮挡且每个可见探针都能取得焦点（真实浏览器）。缺：焦点环的 native WebView2 读回从未产出，其回执自报 KEYBOARD_FOCUS_GATE_NOT_RUN。,.project-local/artifacts/wui-20261009/legibility-allviews-fresh.json;apps/observer/frontend/src/components/graph/nodeGraph.contract.test.tsx:52;.project-local/artifacts/wui-20261009/geometry-freshbundle.json;.project-local/artifacts/wui-20261009/keyboard-focus-fresh.json,UNCOMMITTED_WORKING_SET
T04,P1,中文输入composition期间按Ctrl K,不拦截输入法候选、不跳焦点,Windows IME现场记录,是,部分通过：输入法组合态（isComposing / keyCode 229）下 Ctrl+K 不打开命令面板、Enter 不执行高亮命令、Esc 不关面板，组合结束后同一批键恢复原行为，共 5 例（此前生产码对 Ctrl/Cmd+K 无条件 preventDefault）。缺：包要求的「Windows IME 现场记录」是原生证据，仓内不存在。,apps/observer/frontend/src/lib/keyGuards.contract.test.tsx:65,UNCOMMITTED_WORKING_SET
T05,P1,弹窗/抽屉开关,焦点约束；Escape关闭；返回触发元素,键盘录屏,是,部分通过：Modal/Drawer 打开即把焦点移入且 Tab 被约束在浮层内、浮层外控件不会成为 Tab 目标、Escape 与 Enter 关闭后焦点回到打开它的控件，hook 为 lib/useFocusTrap.ts。缺：「键盘录屏」无视频证据产出。,apps/observer/frontend/src/components/ui/overlays.test.tsx:14;apps/observer/frontend/src/keyboardFocus.contract.test.tsx:35;apps/observer/frontend/src/lib/useFocusTrap.ts,UNCOMMITTED_WORKING_SET
T06,P1,同名目录/非Git/worktree,身份与归属不串，不重复计费,真实身份与路由测试,是,部分通过：同名目录但 remote 不同解析为另一身份不合并；无 remote/本地-only 保持 UNRESOLVED 并渲染 projectId=None + quality=UNKNOWN；worktree 归其所属项目并带 worktree_id，同一仓两个 worktree 仍只有一个 repository_id（对真实 git 跑的集成例）；UI 只以 projectId 为键、同名显示不折叠。缺：「不重复计费」在本仓无对应断言。,tests/workflow-assistance/test_project_identity_resolver.py:95;tests/workflow-assistance/test_product_project.py:33;apps/observer/frontend/src/lib/projectIdentity.test.ts:11,UNCOMMITTED_WORKING_SET
T07,P1,WORK-LAB/DESIGN-LAB/AAOS行点击,打开选定项目而非重定向其他项目,真实路由参数与读模型,是,部分通过：项目行是带 view=project-detail&projectId=… 的 <A>，详情页只渲染被寻址的那个 id；寻址 ghost-project 得到「该项目不在投影里」且真实项目的轴被抑制（不发生就近替换）；缺 projectId 时回集合；过期 projectId 由身份层拒绝。缺：投影当前只有一个已登记项目（work-lab），DESIGN-LAB/AAOS 两行未接入实数据。,apps/observer/frontend/src/homeIa.contract.test.tsx:166;apps/observer/frontend/src/lib/legacyRoutes.contract.test.tsx:104,UNCOMMITTED_WORKING_SET
T08,P1,断连/日志缺口/turn_end,三轴独立；保留上次可信源；不判项目完成/软件停止,来源夹具与页面结果,是,部分通过：断连/日志缺口/turn_end 三轴各自独立——无快照≠离线≠空，读取失败与传输 OFFLINE 都落 not-connected，延迟/陈旧不写成无数据，短覆盖=partial-failure，查询为空=no-data；LIVE 药丸遇 OFFLINE 快照在每条泳道被拒绝；真实浏览器证明 revision 7→9→8 的过期帧被拒且滚动位置/焦点/选区保留。缺：turn_end 在本仓零生产者，「不判项目完成」目前只由状态词表规则约束，不是投影字段。,apps/observer/frontend/src/lib/stateVocabulary.test.ts:34;apps/observer/frontend/src/laneTransportTruth.sweep.test.tsx:52;.project-local/artifacts/wui-20261009/sse-revision.json,UNCOMMITTED_WORKING_SET
T09,P1,源延迟与界面刷新,源/收到/显示时间分开，刷新不伪造新事件,时序证据,是,部分通过：源产生/本地接收/页面可见作为三行分别显示（generatedAt 与 sourceWatermark 是两条不同标注），心跳不产生读取、刷新突发合并为一次读取（刷新≠新事件），迟到低 revision 不替换新事实，畸形日期渲染 UNKNOWN 而非 Invalid Date，只有 generatedAt 时时间线判 SOURCE_GAP 并拒绝冒充执行时刻。缺：没有测试断言这三行确实取自三个不同来源（声明在源码里，未被钉住）。,apps/observer/frontend/src/views/OverviewView.tsx:160;apps/observer/frontend/src/lib/transportTruthContract.test.ts:213;apps/observer/frontend/src/views/RecordInspector.dimensions.test.tsx:216;apps/observer/frontend/src/lib/projectionTruthContract.test.ts:132,UNCOMMITTED_WORKING_SET
T10,P1,估算更新为报告量,相同计量身份替换；总量守恒,去重归属测试,是,部分通过：同一 eventId 重复投喂只计一条（records=1 且 estimated 成本逐字节不变），去重是 seen 集合、总量只对未见的 id 累加，快照 revision 从不被标成用量 revision。缺：估算→实报的「替代」端到端无证据，apps/observer/frontend/src/lib/usageTruth.ts:505 自己写明界面收不到替代事件、因此无法确认替代已发生。,apps/observer/tests/test_observer_runtime.py:106;apps/observer/src/observer_runtime.py:143;apps/observer/frontend/src/lib/usageTruth.ts:505;apps/observer/frontend/src/lib/usageTruth.test.ts:150,UNCOMMITTED_WORKING_SET
T11,P1,0/缺失/不支持/零分母,数值与不可计算原因分别显示,指标边界测试,是,通过：0 / 缺失 / 不支持 / 零分母四态分别显示且有独立措辞——null≠0、报告零≠缺失、分子分母绝不相除、「分母未知」与「分母为零」是两句话、总量不可计算单独成句；DOM 挂载层同样四态分开；渲染层不造假柱形、覆盖 UNKNOWN≠0/0、不支持字段不成卡；八态词表无一共用含义句；后端零分母返回 None 而非 0，线上传输区分 null 与 0。,apps/observer/frontend/src/lib/usageTruth.test.ts:135;apps/observer/frontend/src/views/usageCache.contract.test.tsx:37;apps/observer/frontend/src/views/renderTruthContract.test.tsx:104;apps/observer/frontend/src/components/ui/stateMatrix.contract.test.tsx:15;tests/workflow-assistance/test_model_usage_mapper.py:39,UNCOMMITTED_WORKING_SET
T12,P1,缓存范围与请求基准缺失,不混用分母、不伪造覆盖率,字段来源与算式,是,通过：缓存范围与请求基准缺失时分母不混用、覆盖率不伪造——字段来源与算式在合同里逐项核对，生产者侧确实没有缓存读分子与可判断分母（对 packages/client-neutral-core/scripts/snapshot_api.py 逐字段核过），界面据此显示 UNKNOWN 而非 0%。,apps/observer/frontend/src/views/usageCache.contract.test.tsx:74;apps/observer/frontend/src/views/renderTruthContract.test.tsx:91,UNCOMMITTED_WORKING_SET
T13,P2,真实能力包导入,实际解析、许可/依赖/权限/内容预览,实际包、解析结果与预览,是,未执行：真实能力包导入的解析/许可/依赖/权限/内容预览无生产者；属 WUI-08（能力评价与迁移）。,docs/current/ui-priority-20261009/UI-V2-INTAKE-20261010.md,UNCOMMITTED_WORKING_SET
T14,P2,同身份同摘要/同名异身份/同身份新摘要,复用/区分/版本差异，不静默覆盖,真实导入幂等与冲突测试,是,未执行：同身份同摘要/同名异身份/同身份新摘要的导入幂等与冲突处理无写入端；属 WUI-08。,docs/current/ui-priority-20261009/UI-V2-INTAKE-20261010.md,UNCOMMITTED_WORKING_SET
T15,P2,评价保存与取消,技术证据、用户判断、适用条件绑定版本；取消保留原记录,真实存储读回,是,未执行：评价保存/取消与「取消保留原记录」需要真实存储读回，本仓 Observer 永久只读、无写通道；属 WUI-08。,WORK-LAB-AUTHORITY.md,UNCOMMITTED_WORKING_SET
T16,P2,来源未评价或尚不能判断,不凭安装/调用解锁迁移发布,真实资格门禁,是,未执行：来源未评价/尚不能判断的资格门禁无生产者；属 WUI-08。,docs/current/ui-priority-20261009/UI-V2-INTAKE-20261010.md,UNCOMMITTED_WORKING_SET
T17,P2,目标没有选择或资格过期,选择具体安装；不隐式默认目标；显示复验原因,选择器实际资格,是,未执行：目标选择器与资格过期复验无生产者；属 WUI-08。,docs/current/ui-priority-20261009/UI-V2-INTAKE-20261010.md,UNCOMMITTED_WORKING_SET
T18,P2,改变源/目标/范围/适配器/方案版本,旧试用与目标验证失效；重新差异确认,版本绑定测试,是,未执行：隔离试用/目标验证的读模型合同（isolated_trial、operation_progress、last_trusted_progress 三键在本仓 grep 0 命中）尚未建立；属 WUI-21。,docs/current/ui-priority-20261009/UI-V2-INTAKE-20261010.md,UNCOMMITTED_WORKING_SET
T19,P2,隔离试用失败,失败位置、证据、已触及范围、可重试动作,真实隔离试用失败,是,未执行：无隔离试用执行通道，故无法产出真实失败位置/证据/已触及范围；属 WUI-21 与 WUI-10。,docs/current/ui-priority-20261009/UI-V2-INTAKE-20261010.md,UNCOMMITTED_WORKING_SET
T20,P2,试用取消及晚到通过回执,旧结果不复活计划；保留操作身份,真实取消竞争测试,是,未执行：试用取消与晚到回执的竞争测试需要写端事务身份；属 WUI-10。,docs/current/ui-priority-20261009/UI-V2-INTAKE-20261010.md,UNCOMMITTED_WORKING_SET
T21,P2,操作查询超时/刷新,最后可信状态与未确认分开，不重复提交新写入,幂等与进度恢复测试,是,未执行：操作查询超时/刷新与「最后可信状态 vs 未确认」分离需要进度生产者；其 UI 侧词表已在 T08 断言。,apps/observer/frontend/src/lib/stateVocabulary.test.ts:34,UNCOMMITTED_WORKING_SET
T22,P2,目标验证未实际加载,技术验证未通过；原成功源评价保留,实际目标加载/行为证据,是,未执行：目标验证未实际加载的「技术验证未通过」需要原生加载证据，本仓不执行外部软件动作；属 WUI-08。,docs/current/ui-priority-20261009/UI-V2-INTAKE-20261010.md,UNCOMMITTED_WORKING_SET
T23,P3,Observer/过期权限/错误范围,服务端拒绝写操作；客户端显示具体原因,后端拒绝证据,是,部分通过：Observer/sidecar 的只读边界由多个门断言（observer-readonly-boundary、observer-no-business-write、agent-adapter-readonly-contract），嵌套 token 键 fail-closed 抛 ObserverInputError；缺：过期权限与错误范围的服务端拒绝读回未逐条产出。,apps/observer/tests/test_observer_runtime.py:49;tests/workflow-assistance/test_wlgm_privacy.py,UNCOMMITTED_WORKING_SET
T24,P3,发布前用户编辑,前态不匹配拒绝写入；保留现态；重新读取/试验,并发前态测试,是,未执行：发布前用户编辑的并发前态拒绝属受管写通道，本仓未实现；属 WUI-10。,docs/current/ui-priority-20261009/UI-V2-INTAKE-20261010.md,UNCOMMITTED_WORKING_SET
T25,P3,重复发布提交/回执丢失,同幂等操作查询、不重复原生写入,真实幂等与读回,是,未执行：重复发布提交/回执丢失的幂等读回属 WUI-10；现有 EventHub 只支持游标重放且环形上限 10。,tests/workflow-assistance/test_sse_hub.py:27,UNCOMMITTED_WORKING_SET
T26,P3,写入成功而未加载,分别显示写入/加载/行为，不合成为成功,真实发布分阶段证据,是,未执行：写入/加载/行为三段分离需要真实发布；属 WUI-10 与 WUI-08。,docs/current/ui-priority-20261009/UI-V2-INTAKE-20261010.md,UNCOMMITTED_WORKING_SET
T27,P3,写入后读回失败,差异与原因明确，允许重读/限定恢复,实际失败证据,是,未执行：写入后读回失败的差异与原因需要写通道；属 WUI-10。,docs/current/ui-priority-20261009/UI-V2-INTAKE-20261010.md,UNCOMMITTED_WORKING_SET
T28,P3,加载通过但行为失败,加载事实保留，行为失败可修复复验或恢复,实际行为失败,是,未执行：加载通过但行为失败的原生行为证据不存在；属 WUI-08。,docs/current/ui-priority-20261009/UI-V2-INTAKE-20261010.md,UNCOMMITTED_WORKING_SET
T29,P3,限定恢复成功,仅本次触及范围复原，其他用户配置不变，继续复验,字段前后差异,是,未执行：限定恢复成功需要字段级前后差异与恢复执行者；属 WUI-10。,docs/current/ui-priority-20261009/UI-V2-INTAKE-20261010.md,UNCOMMITTED_WORKING_SET
T30,P3,恢复遇用户编辑/未知摘要,停止自动恢复，保留现态，重读/限定合并,真实恢复冲突,是,未执行：恢复遇用户编辑/未知摘要的停止与限定合并属 WUI-10。,docs/current/ui-priority-20261009/UI-V2-INTAKE-20261010.md,UNCOMMITTED_WORKING_SET
T31,P3,真实首次接入,软件/资格/字段/差异/授权/读回/样例活动均来自真实源,实机接入证据,是,未执行：真实首次接入（软件/资格/字段/差异/授权/读回/样例活动同源）需要外部软件写通道；属 WUI-06 之后的 WUI-08/10。软件环境页与首次资格判定界面已交付。,.project-local/artifacts/wui-20261009/10-software-environment.png,UNCOMMITTED_WORKING_SET
T32,P3,接入字段不支持/最小归属缺失,禁用原因明确；不补零、不推完整用量,字段资格测试,是,未执行：接入字段不支持/最小归属缺失的禁用原因需要真实接入；界面侧「不补零」已由 T11 断言。,apps/observer/frontend/src/lib/usageTruth.test.ts:135,UNCOMMITTED_WORKING_SET
T33,P3,接入已写入但无活动,等待样例而非失败，读回独立显示,实际无活动场景,是,未执行：已写入但无活动的等待语义需要真实接入；属 WUI-08/10。,docs/current/ui-priority-20261009/UI-V2-INTAKE-20261010.md,UNCOMMITTED_WORKING_SET
T34,P3,客户端更新,原资格待复验，旧验证不沿用,升级前后版本证据,是,未执行：客户端升级前后版本证据与「旧验证不沿用」需要原生客户端更新事件；属 WUI-06 之后的 WUI-08。,docs/current/ui-priority-20261009/UI-V2-INTAKE-20261010.md,UNCOMMITTED_WORKING_SET
T35,P3,规则无冲突/三方冲突,保留用户字段；未决冲突不自动提交,真实格式三方比较,是,部分通过：规则三方差异界面按五阶段逐行独立显示（意图/投影生成/写入/原生加载/行为验证），未决冲突不自动提交；缺：真实格式三方比较与「保留用户字段」的原生读回未做。,apps/observer/frontend/src/lib/ruleProjectionTruth.ts;.project-local/artifacts/wui-20261009/12-rules-adaptation.png,UNCOMMITTED_WORKING_SET
T36,P3,规则预览后并发编辑,过期预览被拒绝，现态不改，允许重读,真实并发合并测试,是,未执行：规则预览后的并发编辑拒绝需要写通道；属 WUI-10。,docs/current/ui-priority-20261009/UI-V2-INTAKE-20261010.md,UNCOMMITTED_WORKING_SET
T37,P3,规则/能力恢复后,恢复写入与实际加载/行为分别验证,原生加载和行为证据,是,未执行：恢复后的实际加载/行为分别验证需要原生证据；属 WUI-10。,docs/current/ui-priority-20261009/UI-V2-INTAKE-20261010.md,UNCOMMITTED_WORKING_SET
T38,P1,旧任务/执行/证据对象,原身份/权限/归档/不存在错误保留，不跳其他对象,23条旧路由回归,是,通过：23 条旧对象路由逐行登记 disposition/resolvesTo/params/consumers/policy/evidence，原身份/权限/归档/不存在四类错误分别保留且不会跳到其他对象；无 projectId 时回集合而非就近选中。,apps/observer/frontend/src/lib/legacyRoutes.ts;apps/observer/frontend/src/lib/legacyRoutes.contract.test.tsx:104,UNCOMMITTED_WORKING_SET
T39,P1,对端协作未接通,接收/知识/教学/接受/真人学习/效果未取得,责任方来源检查,是,未执行：对端协作（接收/知识/教学/接受/真人学习/效果）在本仓无生产者，WUI-20 为按需独立项、不阻塞核心发布；界面侧只有明确的协作摘要空态。,.project-local/artifacts/wui-20261009/07-object-detail.png,UNCOMMITTED_WORKING_SET
T40,P3,常态观测与诊断范围,不采集私人正文或全部工具载荷，元数据有范围,实际数据流/落盘检查,是,"部分通过：隐私与采集页只渲染 3 个控件、无伪造开关，并把每一项缺口点名到生产者；观测运行时对嵌套 token 键fail-closed；config-ownership 把 SECRET 定为 FORBIDDEN 且「never collected, copied, hashed, or archived」，负控制例直接读该权威文件断言。缺：常态落盘数据的「元数据有范围」逐项扫描未做。",apps/observer/frontend/src/views/settingsPrivacy.contract.test.tsx:81;apps/observer/frontend/src/lib/collectionLifecycle.ts:112;config/config-ownership.json:31;tests/workflow-assistance/nf05nf06_client_adapter_and_value.py:60,UNCOMMITTED_WORKING_SET
T41,P4,暂停滚动/关闭窗口/停止本方观测,区分本方状态与原生软件运行，支持历史才补缺口,Tauri生命周期现场记录,是,部分通过：四种停止各归四种归属者且页面不声称任何停止（jsdom 断言），滚动偏移与容器在快照到达后保留；缺：Tauri 生命周期现场记录（暂停滚动/关闭窗口/停止本方观测 vs 原生软件仍在运行）为零，窗口状态读回在本仓是真实空白。,apps/observer/frontend/src/lib/collectionLifecycle.ts:80;apps/observer/frontend/src/views/settingsPrivacy.contract.test.tsx:61;apps/observer/frontend/src/desktopInteractionPreservation.contract.test.tsx:79,UNCOMMITTED_WORKING_SET
T42,P4,Windows 100/125/150/200% DPI,字体清晰、弹窗不裁切、命中区可用,真实Windows截图,是,未通过：100/125/150% 三档 CSS 视口（2560×1440 物理推导 2048/1706/1280）各 21 项布局判决全绿且 dpr 已断言，字号下限与命中区在几何门内通过；派生检查 fixed_hud_window_fits 在 200% FAIL——440×780 logical、resizable=false → 880×1560 physical，超出实测工作区 2560×1392，即「弹窗不裁切」在 200% 不成立。修法需 owner 定夺（HUD 尺寸或允许滚动/缩放）。,.project-local/artifacts/wui-20261009/display-scaling.json;.project-local/artifacts/wui-20261009/geometry-freshbundle.json,UNCOMMITTED_WORKING_SET
T43,P4,数据增长/大量记录/Hook,有界缓冲与分页/虚拟化不丢身份、不醒模型、原生工作不被阻断,实际CPU/内存/增长/延迟,是,未执行：真实 CPU/内存/增长/延迟读回未做，分页/虚拟化在缺少长列表生产者前无法证明不丢身份；有界性目前只在 SSE 侧证到环形上限 10 与溢出游标返回空。,tests/workflow-assistance/test_sse_hub.py:35,UNCOMMITTED_WORKING_SET
T44,P4,当前仓库与发布候选,现有要求全部通过，生成源/投影一致；留未通过项不假部署,当前提交及真实验收报告,是,未通过：本轮要求尚未全绿——治理批 2541 例中 2 例红，且两例都因工作集未提交（受版本控制的仪表清单要求新工具已入库、PASS 记录要求 fixedCommit 指向提交）；因此只能交可评审工作集＋明确缺口，不得写「成熟可部署」。未通过项已逐条留在本清单（T42 与 T13–T37 的缺口）。,.project-local/runs/wui-20261009/governance-after-regen.log,UNCOMMITTED_WORKING_SET
