source_decision,meaning,design_pages_or_docs,existing_task_mapping,planned_acceptance
D01,项目级监控与默认最小采集,01_projects;02_project_detail;12_diagnostics;13_settings,T05-T08;T11,A03-A07;A30-A34
D02,外部软件执行业务项目,01_projects;03_software;15_first_run,T05;T11,A01-A02;A16-A17
D03,能力评价与跨软件迁移,05_assets;06_asset_detail;07_migration,T09,A18-A21
D04,原创收藏第三方分开,05_assets;06_asset_detail,T09,A18-A20
D05,规则意图映射与用户编辑保护,09_rules;10_rule_diff,T10,A22-A24
D06,单位缓存质量去重守恒,08_usage,T07,A08-A15
D07,AAOS完整知识与双向学习,11_collaboration;09_rules,T02;T17-T20,A01;A40-A43
D08,长期项目记忆由AAOS管理,11_collaboration,T02;T18,A01;A40
D09,DESIGN-LAB专业设计与内核,11_collaboration,T02;T19,A01;A42
D10,三方独立按需互补,02_project_detail;11_collaboration,T02;T17-T20,A40-A43
D11,技术经验候选与来源反例,06_asset_detail;11_collaboration,T17-T19,A19;A41-A42
D12,视觉教学与人的学习分工,11_collaboration,T19-T20,A42-A43
D13,反馈按责任与实际复验,11_collaboration,T20,A43
D14,Observer阅读和受管写边界,09_rules;10_rule_diff;12_diagnostics,T10-T12,A25-A29
D15,权威与历史漂移治理,docs/06;inputs/23_routes,T13-T16,A01;A38-A39
