legacy_route_id,proposed_destination,visibility,migration_requirement
overview,项目监控,默认首页,复用可用摘要，去掉无事实图表和禁用执行主按钮
projects,项目监控/项目详情,并入同一目的地,保留projectId及既有深链，不建立双首页
agents,软件与环境,软件视角,软件能力与参与项目，不变成单一Chat Bot
software,软件与环境,软件详情,保留安装/版本/健康与更新影响
work,项目监控/按需详情,兼容只读入口,保留taskId/executionId，不再默认全量任务中心
executions,项目监控/诊断,低频只读,选定项目/问题后进入
execution-detail,项目监控/诊断,深链兼容,不得静默改选另一执行
evidence,项目监控/证据,按需只读,身份、权限与区间校验保留
task-packs,规则与适配/开发诊断,低频,内部工程资料，不要求所有被监控工作登记
delivery,项目监控/结果与协作,按需,回执状态与接受状态分开
tools,能力资产,主线内容,从工具清单扩到来源/评价/目标适配
integrations,规则与适配/连接,连接详情,MCP/插件连接和授权不是知识主库
models,用量与缓存/模型及连接,辅助视图,模型连接配置归规则页，计量归用量页
monitoring,软件与环境/采集健康,辅助视图,不重复做第二总览
memory,规则与适配/AAOS连接,兼容入口,只显示连接/获准版本；未接入如实说明，不建本地记忆
rules-policy,规则与适配,主线内容,规则意图、原生映射、生效与漂移
approvals,规则与适配/授权操作,按对象展示,只显示本方/受委托决定，不做三项目上级审批
audit,相关对象/历史记录,按需,历史可以定位，不成为默认指令源
trust,相关对象/证据质量,按需,质量是解释，不是独立总控制页面
workflows,能力资产/模板,后续参考或模板,保留有效资产，不承诺完整编排引擎
workflow-editor,实验功能/流程草稿,退出默认导航,保留兼容和未接通说明，不为主线补运行器
observer,项目监控或采集诊断,合并语义,不重复提供同一组状态
settings,设置,低频底部入口,外观/存储/隐私/连接，不复制其他业务页
