id,sourceRelativePath,sourceMember,archivePath,archiveMemberChain,storageKind,contentId,bytes,sha256,ownership,category,status,classificationBasis
WL-REC-0001,00_总控启动提示词.md,,docs/history/archive/recovered-originals/RECORD-20261008/00_总控启动提示词.md,,FILE,sha256:21adcc9986fc71cc139dbc27511a2bf6331d2027b0827405485bf2ee80790112,1759,21adcc9986fc71cc139dbc27511a2bf6331d2027b0827405485bf2ee80790112,WORK_LAB,TASK_HANDOFF,HISTORICAL_REFERENCE_NO_EXECUTION_AUTHORITY,Document heading/body defines WORK-LAB project and task identities
WL-REC-0002,01_审计报告与三项目融入建议.md,,docs/history/owner-inputs/record-20261009/WORK-LAB-HISTORICAL-RECORDS-20261009.zip,originals/01_审计报告与三项目融入建议.md,ARCHIVE_MEMBER,sha256:d8249b7a4c90b549c3a5f79da7f46dcb2d9d0bbb464036ac1716cdceb41c4da3,18567,d8249b7a4c90b549c3a5f79da7f46dcb2d9d0bbb464036ac1716cdceb41c4da3,SHARED_CONTEXT,AUDIT,HISTORICAL_REFERENCE_NO_EXECUTION_AUTHORITY,Explicit WORK-LAB section/requirements or shared governance/pricing/UI source; preserved whole as source context
WL-REC-0003,01_审计结论.md,,docs/history/archive/recovered-originals/RECORD-20261008/01_审计结论.md,,FILE,sha256:3f2964aaad7b7591400cfd0792e069d1b6b1d7a64cb41e0a98196b94691d2eb3,8397,3f2964aaad7b7591400cfd0792e069d1b6b1d7a64cb41e0a98196b94691d2eb3,WORK_LAB,AUDIT,HISTORICAL_REFERENCE_NO_EXECUTION_AUTHORITY,Document heading/body defines WORK-LAB project and task identities
WL-REC-0004,01_汇总报告.html,,docs/history/owner-inputs/record-20261009/WORK-LAB-HISTORICAL-RECORDS-20261009.zip,originals/01_汇总报告.html,ARCHIVE_MEMBER,sha256:b53830704a7f045d8e7e68fada28269a3c284cea4f378ef924876e38c13072d6,22181,b53830704a7f045d8e7e68fada28269a3c284cea4f378ef924876e38c13072d6,SHARED_CONTEXT,BLUEPRINT_RESEARCH,HISTORICAL_REFERENCE_NO_EXECUTION_AUTHORITY,Explicit WORK-LAB section/requirements or shared governance/pricing/UI source; preserved whole as source context
WL-REC-0005,02_WORK-LAB_完整项目描述与未来蓝图_20261006.docx,,docs/history/archive/recovered-originals/RECORD-20261008/02_WORK-LAB_完整项目描述与未来蓝图_20261006.docx,,FILE,sha256:f3784a9950adce06e8d87015a0ecb39d1ed4fdb3b93d5ccd3c9b40398bea3440,62020,f3784a9950adce06e8d87015a0ecb39d1ed4fdb3b93d5ccd3c9b40398bea3440,WORK_LAB,BLUEPRINT_RESEARCH,HISTORICAL_REFERENCE_NO_EXECUTION_AUTHORITY,WORK-LAB identity in file name
WL-REC-0006,02_WORK-LAB_权威修复_双端描述同步_可审计执行提示词_20261006.txt,,docs/history/archive/recovered-originals/RECORD-20261008/02_WORK-LAB_权威修复_双端描述同步_可审计执行提示词_20261006.txt,,FILE,sha256:8d4a48185357aeadb99d9a2760a9ba05e6ab4fc744c0e3cb48a12904cf565247,13674,8d4a48185357aeadb99d9a2760a9ba05e6ab4fc744c0e3cb48a12904cf565247,WORK_LAB,AUDIT,HISTORICAL_REFERENCE_NO_EXECUTION_AUTHORITY,WORK-LAB identity in file name
WL-REC-0007,03_价格与额度工作簿.xlsx,,docs/history/owner-inputs/record-20261009/WORK-LAB-HISTORICAL-RECORDS-20261009.zip,originals/03_价格与额度工作簿.xlsx,ARCHIVE_MEMBER,sha256:42528b02714eab50a1f31a7e7f6ae4b03132fe560b885b1bd4da4f5f6b9c42c3,46283,42528b02714eab50a1f31a7e7f6ae4b03132fe560b885b1bd4da4f5f6b9c42c3,SHARED_CONTEXT,BLUEPRINT_RESEARCH,HISTORICAL_REFERENCE_NO_EXECUTION_AUTHORITY,Explicit WORK-LAB section/requirements or shared governance/pricing/UI source; preserved whole as source context
WL-REC-0008,05_附件完整性与工作簿审计.json,,docs/history/owner-inputs/record-20261009/WORK-LAB-HISTORICAL-RECORDS-20261009.zip,originals/05_附件完整性与工作簿审计.json,ARCHIVE_MEMBER,sha256:67dfe3fb9f5f1ecfd78bbb0d41aba784da1bbd32b547463b8fed186d8d46accd,4508,67dfe3fb9f5f1ecfd78bbb0d41aba784da1bbd32b547463b8fed186d8d46accd,SHARED_CONTEXT,AUDIT,HISTORICAL_REFERENCE_NO_EXECUTION_AUTHORITY,Explicit WORK-LAB section/requirements or shared governance/pricing/UI source; preserved whole as source context
WL-REC-0009,07_WORK-LAB_工作区接入交接.md,,docs/history/owner-inputs/record-20261009/WORK-LAB-HISTORICAL-RECORDS-20261009.zip,originals/WORK-LAB_MASTER_ATLAS_2026-09-29.zip ! WORK-LAB_MASTER_ATLAS_2026-09-29/sources/07_WORK-LAB_工作区接入交接.md,ARCHIVE_MEMBER,sha256:b1c47df063472b87953e039c5d562363cbed3b23064c28290c05f04643277a20,4003,b1c47df063472b87953e039c5d562363cbed3b23064c28290c05f04643277a20,WORK_LAB,TASK_HANDOFF,HISTORICAL_REFERENCE_NO_EXECUTION_AUTHORITY,WORK-LAB identity in file name
WL-REC-0010,DT_ALEX_STUDIOS_10_CASE_PORTFOLIO_COMPLETE_20261007 (1)/app.js,,docs/history/owner-inputs/record-20261009/WORK-LAB-HISTORICAL-RECORDS-20261009.zip,originals/DT_ALEX_STUDIOS_10_CASE_PORTFOLIO_COMPLETE_20261007 (1)/app.js,ARCHIVE_MEMBER,sha256:ca4ce978b30c2358c19871917eec3ae41b39961067f5bdb393f51b57acd17c8e,26281,ca4ce978b30c2358c19871917eec3ae41b39961067f5bdb393f51b57acd17c8e,SHARED_CONTEXT,UI_REFERENCE,HISTORICAL_REFERENCE_NO_EXECUTION_AUTHORITY,"Portfolio shared presentation code, provenance and case context (not a runnable full ten-case deployment)"
WL-REC-0011,DT_ALEX_STUDIOS_10_CASE_PORTFOLIO_COMPLETE_20261007 (1)/index.html,,docs/history/owner-inputs/record-20261009/WORK-LAB-HISTORICAL-RECORDS-20261009.zip,originals/DT_ALEX_STUDIOS_10_CASE_PORTFOLIO_COMPLETE_20261007 (1)/index.html,ARCHIVE_MEMBER,sha256:94369b4bdc10db195af9a5b6f0c702fc9b72cf142be09fea1fbc1b08b3dd1409,822,94369b4bdc10db195af9a5b6f0c702fc9b72cf142be09fea1fbc1b08b3dd1409,SHARED_CONTEXT,UI_REFERENCE,HISTORICAL_REFERENCE_NO_EXECUTION_AUTHORITY,"Portfolio shared presentation code, provenance and case context (not a runnable full ten-case deployment)"
WL-REC-0012,DT_ALEX_STUDIOS_10_CASE_PORTFOLIO_COMPLETE_20261007 (1)/public/assets/cases/worklab-audit.webp,,docs/history/owner-inputs/record-20261009/originals/DT_ALEX_STUDIOS_10_CASE_PORTFOLIO_COMPLETE_20261007 (1)/public/assets/cases/worklab-audit.webp,,FILE,sha256:181d0d9bf0a192f5a2787040845a8315334632001a71ce1996f1f9c154d770f5,117988,181d0d9bf0a192f5a2787040845a8315334632001a71ce1996f1f9c154d770f5,WORK_LAB,UI_ASSET,HISTORICAL_REFERENCE_NO_EXECUTION_AUTHORITY,WORK-LAB portfolio image
WL-REC-0013,DT_ALEX_STUDIOS_10_CASE_PORTFOLIO_COMPLETE_20261007 (1)/public/assets/cases/worklab-hero.webp,,docs/history/owner-inputs/record-20261009/originals/DT_ALEX_STUDIOS_10_CASE_PORTFOLIO_COMPLETE_20261007 (1)/public/assets/cases/worklab-hero.webp,,FILE,sha256:288492d358ff4ebb93553988759847ebc48ed2383faba4bb876cbc0f49139827,104026,288492d358ff4ebb93553988759847ebc48ed2383faba4bb876cbc0f49139827,WORK_LAB,UI_ASSET,HISTORICAL_REFERENCE_NO_EXECUTION_AUTHORITY,WORK-LAB portfolio image
WL-REC-0014,DT_ALEX_STUDIOS_10_CASE_PORTFOLIO_COMPLETE_20261007 (1)/public/assets/cases/worklab-workflow.webp,,docs/history/owner-inputs/record-20261009/originals/DT_ALEX_STUDIOS_10_CASE_PORTFOLIO_COMPLETE_20261007 (1)/public/assets/cases/worklab-workflow.webp,,FILE,sha256:dd068d7b2ca3abde94b998d359c084472a4ee5ca988e1b70d54bf9535b21cb57,76660,dd068d7b2ca3abde94b998d359c084472a4ee5ca988e1b70d54bf9535b21cb57,WORK_LAB,UI_ASSET,HISTORICAL_REFERENCE_NO_EXECUTION_AUTHORITY,WORK-LAB portfolio image
WL-REC-0015,DT_ALEX_STUDIOS_10_CASE_PORTFOLIO_COMPLETE_20261007 (1)/public/favicon.svg,,docs/history/owner-inputs/record-20261009/originals/DT_ALEX_STUDIOS_10_CASE_PORTFOLIO_COMPLETE_20261007 (1)/public/favicon.svg,,FILE,sha256:5b21441d51cb63cfb320acf09c948d90d93bcb29e16ce511771ac7eb14dbe431,228,5b21441d51cb63cfb320acf09c948d90d93bcb29e16ce511771ac7eb14dbe431,SHARED_CONTEXT,UI_ASSET,HISTORICAL_REFERENCE_NO_EXECUTION_AUTHORITY,"Portfolio shared presentation code, provenance and case context (not a runnable full ten-case deployment)"
WL-REC-0016,DT_ALEX_STUDIOS_10_CASE_PORTFOLIO_COMPLETE_20261007 (1)/README.md,,docs/history/owner-inputs/record-20261009/WORK-LAB-HISTORICAL-RECORDS-20261009.zip,originals/DT_ALEX_STUDIOS_10_CASE_PORTFOLIO_COMPLETE_20261007 (1)/README.md,ARCHIVE_MEMBER,sha256:5bf61c18f75178e524744fa2a45a8a879bcd66a67f03ad58c94a5fa1d19addbb,1678,5bf61c18f75178e524744fa2a45a8a879bcd66a67f03ad58c94a5fa1d19addbb,SHARED_CONTEXT,UI_REFERENCE,HISTORICAL_REFERENCE_NO_EXECUTION_AUTHORITY,"Portfolio shared presentation code, provenance and case context (not a runnable full ten-case deployment)"
WL-REC-0017,DT_ALEX_STUDIOS_10_CASE_PORTFOLIO_COMPLETE_20261007 (1)/reports/ASSET_PROMPTS.md,,docs/history/owner-inputs/record-20261009/WORK-LAB-HISTORICAL-RECORDS-20261009.zip,originals/DT_ALEX_STUDIOS_10_CASE_PORTFOLIO_COMPLETE_20261007 (1)/reports/ASSET_PROMPTS.md,ARCHIVE_MEMBER,sha256:59780e306c9256be640f279a3ec8ff7e8f5fc47ecfb792c5d334b5054201c76e,2676,59780e306c9256be640f279a3ec8ff7e8f5fc47ecfb792c5d334b5054201c76e,SHARED_CONTEXT,UI_REFERENCE,HISTORICAL_REFERENCE_NO_EXECUTION_AUTHORITY,"Portfolio shared presentation code, provenance and case context (not a runnable full ten-case deployment)"
WL-REC-0018,DT_ALEX_STUDIOS_10_CASE_PORTFOLIO_COMPLETE_20261007 (1)/reports/CASE_COPY.md,,docs/history/owner-inputs/record-20261009/WORK-LAB-HISTORICAL-RECORDS-20261009.zip,originals/DT_ALEX_STUDIOS_10_CASE_PORTFOLIO_COMPLETE_20261007 (1)/reports/CASE_COPY.md,ARCHIVE_MEMBER,sha256:d5ea707b9c0185071a8bb013bac1caababe6f1fe79b790a4e1e2df7cefcf6eef,10388,d5ea707b9c0185071a8bb013bac1caababe6f1fe79b790a4e1e2df7cefcf6eef,SHARED_CONTEXT,UI_REFERENCE,HISTORICAL_REFERENCE_NO_EXECUTION_AUTHORITY,"Portfolio shared presentation code, provenance and case context (not a runnable full ten-case deployment)"
WL-REC-0019,DT_ALEX_STUDIOS_10_CASE_PORTFOLIO_COMPLETE_20261007 (1)/reports/QA.md,,docs/history/owner-inputs/record-20261009/WORK-LAB-HISTORICAL-RECORDS-20261009.zip,originals/DT_ALEX_STUDIOS_10_CASE_PORTFOLIO_COMPLETE_20261007 (1)/reports/QA.md,ARCHIVE_MEMBER,sha256:5c17d2d6b35d975cdb19d6c2f75fef5fef580d660b0b3da536deadc348bdc79f,947,5c17d2d6b35d975cdb19d6c2f75fef5fef580d660b0b3da536deadc348bdc79f,SHARED_CONTEXT,UI_REFERENCE,HISTORICAL_REFERENCE_NO_EXECUTION_AUTHORITY,"Portfolio shared presentation code, provenance and case context (not a runnable full ten-case deployment)"
WL-REC-0020,DT_ALEX_STUDIOS_10_CASE_PORTFOLIO_COMPLETE_20261007 (1)/reports/REFERENCE_AUDIT.md,,docs/history/owner-inputs/record-20261009/WORK-LAB-HISTORICAL-RECORDS-20261009.zip,originals/DT_ALEX_STUDIOS_10_CASE_PORTFOLIO_COMPLETE_20261007 (1)/reports/REFERENCE_AUDIT.md,ARCHIVE_MEMBER,sha256:02e5a177fc904b1d46a5fa1a995debd731e2a4695c40fde116c2e67546112bc9,3331,02e5a177fc904b1d46a5fa1a995debd731e2a4695c40fde116c2e67546112bc9,SHARED_CONTEXT,UI_REFERENCE,HISTORICAL_REFERENCE_NO_EXECUTION_AUTHORITY,"Portfolio shared presentation code, provenance and case context (not a runnable full ten-case deployment)"
WL-REC-0021,DT_ALEX_STUDIOS_10_CASE_PORTFOLIO_COMPLETE_20261007 (1)/styles.css,,docs/history/owner-inputs/record-20261009/WORK-LAB-HISTORICAL-RECORDS-20261009.zip,originals/DT_ALEX_STUDIOS_10_CASE_PORTFOLIO_COMPLETE_20261007 (1)/styles.css,ARCHIVE_MEMBER,sha256:57c0cf188eb816cf679e20e4304b6d3c4ae338520a770166a73577efb9b71e35,16698,57c0cf188eb816cf679e20e4304b6d3c4ae338520a770166a73577efb9b71e35,SHARED_CONTEXT,UI_REFERENCE,HISTORICAL_REFERENCE_NO_EXECUTION_AUTHORITY,"Portfolio shared presentation code, provenance and case context (not a runnable full ten-case deployment)"
WL-REC-0022,START-ANY-AGENT.md,,taskpacks/history/UI-PRIORITY-CUTOVER-20261009/original-tree/taskpacks/current/WORK-LAB-UNIVERSAL-WORKFLOW-TASKPACK-20260916/START-ANY-AGENT.md,,FILE,sha256:26ca7d0af967fa5c46fb4ecac8b001f0edc6476cb781e1012ea4e0db2f347ec5,2919,26ca7d0af967fa5c46fb4ecac8b001f0edc6476cb781e1012ea4e0db2f347ec5,WORK_LAB,TASK_HANDOFF,HISTORICAL_REFERENCE_NO_EXECUTION_AUTHORITY,Document heading/body defines WORK-LAB project and task identities
WL-REC-0023,TASKPACK (2).md,,taskpacks/history/UI-PRIORITY-CUTOVER-20261009/original-tree/taskpacks/current/WORK-LAB-UNIVERSAL-WORKFLOW-TASKPACK-20260916/TASKPACK.md,,FILE,sha256:c636bf8a4768ee2a60fae1c4462e491bb17662cc03f88d576928d7452b9eb702,48555,c636bf8a4768ee2a60fae1c4462e491bb17662cc03f88d576928d7452b9eb702,WORK_LAB,TASK_HANDOFF,HISTORICAL_REFERENCE_NO_EXECUTION_AUTHORITY,Document heading/body defines WORK-LAB project and task identities
WL-REC-0024,TaskPack(1).md,,docs/history/archive/recovered-originals/RECORD-20261008/TaskPack(1).md,,FILE,sha256:00b154a7a428f4bd36eec2c93169525dabf14f335bcab15d724c3ae70a93b835,14145,00b154a7a428f4bd36eec2c93169525dabf14f335bcab15d724c3ae70a93b835,WORK_LAB,TASK_HANDOFF,HISTORICAL_REFERENCE_NO_EXECUTION_AUTHORITY,Document heading/body defines WORK-LAB project and task identities
WL-REC-0025,TASKS.json,,taskpacks/history/UI-PRIORITY-CUTOVER-20261009/original-tree/taskpacks/current/WORK-LAB-UNIVERSAL-WORKFLOW-TASKPACK-20260916/TASKS.json,,FILE,sha256:d1664f1e997315814c3154dac60682e55ede4cd7464a0e3a3ab553973f777c9c,98242,d1664f1e997315814c3154dac60682e55ede4cd7464a0e3a3ab553973f777c9c,WORK_LAB,TASK_HANDOFF,HISTORICAL_REFERENCE_NO_EXECUTION_AUTHORITY,Document heading/body defines WORK-LAB project and task identities
WL-REC-0026,Three_Project_Logos_BW_4K_0000_图层 2.jpg,,docs/history/owner-inputs/record-20261009/originals/Three_Project_Logos_BW_4K_0000_图层 2.jpg,,FILE,sha256:3903c01d3a2ef7e6033b6684fae7b00233a46fa61682ff795eaaedde8611078c,237988,3903c01d3a2ef7e6033b6684fae7b00233a46fa61682ff795eaaedde8611078c,WORK_LAB,UI_ASSET,HISTORICAL_REFERENCE_NO_EXECUTION_AUTHORITY,Visual inspection confirms WORK-LAB logo
WL-REC-0027,UI_COMPONENT_ADOPTION_PLAN.md,,docs/history/owner-inputs/record-20261009/WORK-LAB-HISTORICAL-RECORDS-20261009.zip,originals/UI_COMPONENT_ADOPTION_PLAN.md,ARCHIVE_MEMBER,sha256:5e6b472a0d0ca5d30baff11aa83b1b7da8e453b472d59db8775fa3bf7f4b04ae,6397,5e6b472a0d0ca5d30baff11aa83b1b7da8e453b472d59db8775fa3bf7f4b04ae,SHARED_CONTEXT,UI_REFERENCE,HISTORICAL_REFERENCE_NO_EXECUTION_AUTHORITY,Explicit WORK-LAB section/requirements or shared governance/pricing/UI source; preserved whole as source context
WL-REC-0028,UI_KIT_AUDIT.md,,docs/history/owner-inputs/record-20261009/WORK-LAB-HISTORICAL-RECORDS-20261009.zip,originals/UI_KIT_AUDIT.md,ARCHIVE_MEMBER,sha256:1eaf44826132b2f0e8b8cd62a67202b0982aa49fb603061347b5de569e7645de,10181,1eaf44826132b2f0e8b8cd62a67202b0982aa49fb603061347b5de569e7645de,SHARED_CONTEXT,UI_REFERENCE,HISTORICAL_REFERENCE_NO_EXECUTION_AUTHORITY,Explicit WORK-LAB section/requirements or shared governance/pricing/UI source; preserved whole as source context
WL-REC-0029,WORK-LAB-AUTHORITY-RESET-FINAL-TASKPACK-20260918-v2.zip,,docs/history/owner-inputs/record-20261009/WORK-LAB-HISTORICAL-RECORDS-20261009.zip,originals/WORK-LAB_MASTER_ATLAS_2026-09-29.zip ! WORK-LAB_MASTER_ATLAS_2026-09-29/sources/WORK-LAB/WORK-LAB-AUTHORITY-RESET-FINAL-TASKPACK-20260918-v2.zip,ARCHIVE_MEMBER,sha256:40c6aed3fb207e1010a05efe1793a8a31f10318730ee15ce4c3955b473c51b23,16798,40c6aed3fb207e1010a05efe1793a8a31f10318730ee15ce4c3955b473c51b23,WORK_LAB,TASK_HANDOFF,HISTORICAL_REFERENCE_NO_EXECUTION_AUTHORITY,WORK-LAB identity in file name
WL-REC-0030,WORK-LAB-FULL-AUDIT-AND-REPAIR-2026-09-15.zip,,docs/history/owner-inputs/record-20261009/WORK-LAB-HISTORICAL-RECORDS-20261009.zip,originals/WORK-LAB_MASTER_ATLAS_2026-09-29.zip ! WORK-LAB_MASTER_ATLAS_2026-09-29/sources/WORK-LAB/WORK-LAB-FULL-AUDIT-AND-REPAIR-2026-09-15.zip,ARCHIVE_MEMBER,sha256:ae829f4a6f2433c39c17f9fbeb90514991bb29a7b2ad7818b3ebe67dc48e7c7a,215336,ae829f4a6f2433c39c17f9fbeb90514991bb29a7b2ad7818b3ebe67dc48e7c7a,WORK_LAB,AUDIT,HISTORICAL_REFERENCE_NO_EXECUTION_AUTHORITY,WORK-LAB identity in file name
WL-REC-0031,WORK-LAB-FULL-PROJECT-SCOPE-20260916.md,,taskpacks/history/UI-PRIORITY-CUTOVER-20261009/original-tree/taskpacks/current/WORK-LAB-UNIVERSAL-WORKFLOW-TASKPACK-20260916/WORK-LAB-FULL-PROJECT-SCOPE-20260916.md,,FILE,sha256:483ae11f59e1dda1f6d0079521148923cbdf5c0f5129484629d9b9d40e13d6b8,13399,483ae11f59e1dda1f6d0079521148923cbdf5c0f5129484629d9b9d40e13d6b8,WORK_LAB,TASK_HANDOFF,HISTORICAL_REFERENCE_NO_EXECUTION_AUTHORITY,WORK-LAB identity in file name
WL-REC-0032,WORK-LAB-HERMES-MASTER-TASKPACK-2026-09-07.md,,docs/history/owner-inputs/record-20261009/WORK-LAB-HISTORICAL-RECORDS-20261009.zip,originals/WORK-LAB_MASTER_ATLAS_2026-09-29.zip ! WORK-LAB_MASTER_ATLAS_2026-09-29/sources/WORK-LAB-HERMES-MASTER-TASKPACK-2026-09-07.md,ARCHIVE_MEMBER,sha256:863a7881f5840924560cf89103ca4e72616eba5b87c4f87c9cd5ce7dae5fe1b7,60808,863a7881f5840924560cf89103ca4e72616eba5b87c4f87c9cd5ce7dae5fe1b7,WORK_LAB,TASK_HANDOFF,HISTORICAL_REFERENCE_NO_EXECUTION_AUTHORITY,WORK-LAB identity in file name
WL-REC-0033,WORK-LAB-INTEGRATED-TASKPACK-20260916.zip,,docs/history/owner-inputs/record-20261009/WORK-LAB-HISTORICAL-RECORDS-20261009.zip,originals/WORK-LAB_MASTER_ATLAS_2026-09-29.zip ! WORK-LAB_MASTER_ATLAS_2026-09-29/sources/WORK-LAB/WORK-LAB-INTEGRATED-TASKPACK-20260916.zip,ARCHIVE_MEMBER,sha256:76e31e94f42db411d2a8e124ced8444dae0645155c9fafb73003728930a675cb,62060,76e31e94f42db411d2a8e124ced8444dae0645155c9fafb73003728930a675cb,WORK_LAB,TASK_HANDOFF,HISTORICAL_REFERENCE_NO_EXECUTION_AUTHORITY,WORK-LAB identity in file name
WL-REC-0034,WORK-LAB-NATIVE-FIRST-TASKPACK-2026-09-12.zip,,docs/history/owner-inputs/record-20261009/WORK-LAB-HISTORICAL-RECORDS-20261009.zip,originals/WORK-LAB_MASTER_ATLAS_2026-09-29.zip ! WORK-LAB_MASTER_ATLAS_2026-09-29/sources/WORK-LAB-NATIVE-FIRST-TASKPACK-2026-09-12.zip,ARCHIVE_MEMBER,sha256:06648b15f0d035e32346790e6d654bed5061e6ee44ec1837c72adf857e9a74da,38726,06648b15f0d035e32346790e6d654bed5061e6ee44ec1837c72adf857e9a74da,WORK_LAB,TASK_HANDOFF,HISTORICAL_REFERENCE_NO_EXECUTION_AUTHORITY,WORK-LAB identity in file name
WL-REC-0035,WORK-LAB_MASTER_ATLAS_2026-09-29.zip,,docs/history/owner-inputs/record-20261009/WORK-LAB-HISTORICAL-RECORDS-20261009.zip,originals/WORK-LAB_MASTER_ATLAS_2026-09-29.zip,ARCHIVE_MEMBER,sha256:92ebc5a3f1857f55525812122ec14e35b6d268cb4b153f9046edb9032412aa1c,6025824,92ebc5a3f1857f55525812122ec14e35b6d268cb4b153f9046edb9032412aa1c,WORK_LAB,TASK_HANDOFF,HISTORICAL_REFERENCE_NO_EXECUTION_AUTHORITY,WORK-LAB identity in file name
WL-REC-0036,WORK-LAB_UI_FRONTEND_TASKPACK_20260930.zip,,docs/history/owner-inputs/record-20261009/WORK-LAB-HISTORICAL-RECORDS-20261009.zip,originals/WORK-LAB_UI_FRONTEND_TASKPACK_20260930.zip,ARCHIVE_MEMBER,sha256:1f517f8d602d5a950bc07ae7577b2e9b310cc3a2227335bfc36757817b619584,8487,1f517f8d602d5a950bc07ae7577b2e9b310cc3a2227335bfc36757817b619584,WORK_LAB,UI_REFERENCE,HISTORICAL_REFERENCE_NO_EXECUTION_AUTHORITY,WORK-LAB identity in file name
WL-REC-0037,WORK-LAB_UI前端更新任务包_20261009.zip,,docs/history/owner-inputs/20261009/WORK-LAB_UI前端更新任务包_20261009.zip,,FILE,sha256:fe5afa5328c7530723f492a6188ea19dfa6fb2269b2400b77174c1a42f72fd45,27275434,fe5afa5328c7530723f492a6188ea19dfa6fb2269b2400b77174c1a42f72fd45,WORK_LAB,UI_REFERENCE,CURRENT_INPUT_NOT_IMPLEMENTATION,WORK-LAB identity in file name
WL-REC-0038,WORK-LAB_UI开发资料总包_按批次.zip,,docs/history/archive/recovered-originals/RECORD-20261008/WORK-LAB_UI开发资料总包_按批次.zip,,FILE,sha256:c94ff634dad3fa47cd843493c5f3b59c946fd987295085b8c821febba13eef48,37048117,c94ff634dad3fa47cd843493c5f3b59c946fd987295085b8c821febba13eef48,WORK_LAB,UI_REFERENCE,HISTORICAL_REFERENCE_NO_EXECUTION_AUTHORITY,WORK-LAB identity in file name
WL-REC-0039,WORK-LAB_审计收敛报告_2026-10-01.html,,docs/history/archive/recovered-originals/RECORD-20261008/WORK-LAB_审计收敛报告_2026-10-01.html,,FILE,sha256:2ac7e637d809e41ca7e462cd1d37679898d0b63e03649cb9eb6cbbfda2feba99,161497,2ac7e637d809e41ca7e462cd1d37679898d0b63e03649cb9eb6cbbfda2feba99,WORK_LAB,AUDIT,HISTORICAL_REFERENCE_NO_EXECUTION_AUTHORITY,WORK-LAB identity in file name
WL-REC-0040,WORK-LAB_审计裁决_2026-10-01.json,,docs/history/archive/recovered-originals/RECORD-20261008/WORK-LAB_审计裁决_2026-10-01.json,,FILE,sha256:55e1c82b67317d62cdc1647775bab2b61b9e7a43cdddc7bf130131655fe8d734,140058,55e1c82b67317d62cdc1647775bab2b61b9e7a43cdddc7bf130131655fe8d734,WORK_LAB,AUDIT,HISTORICAL_REFERENCE_NO_EXECUTION_AUTHORITY,WORK-LAB identity in file name
WL-REC-0041,WORK-LAB_本对话最终任务包_20261009.zip,,docs/history/owner-inputs/20261009/WORK-LAB_本对话最终任务包_20261009.zip,,FILE,sha256:3740f98aadfce5e13a046f09773bbad362f0d3bceb32d65a0951065dd21237f7,260293,3740f98aadfce5e13a046f09773bbad362f0d3bceb32d65a0951065dd21237f7,WORK_LAB,TASK_HANDOFF,CURRENT_INPUT_NOT_IMPLEMENTATION,WORK-LAB identity in file name
WL-REC-0042,WORKLAB_CODEX_PROMPT.md,,docs/history/archive/recovered-originals/RECORD-20261008/WORKLAB_CODEX_PROMPT.md,,FILE,sha256:31bfdba2bfc2fad9e2dee6b8ea03d0da63dfd4f4154bc5e7628d46d92dd6effd,6501,31bfdba2bfc2fad9e2dee6b8ea03d0da63dfd4f4154bc5e7628d46d92dd6effd,WORK_LAB,TASK_HANDOFF,HISTORICAL_REFERENCE_NO_EXECUTION_AUTHORITY,WORK-LAB identity in file name
WL-REC-0043,三项目_AI生态全生命周期收敛实施清单_2026-10-01.json,,docs/history/owner-inputs/record-20261009/WORK-LAB-HISTORICAL-RECORDS-20261009.zip,originals/三项目_AI生态全生命周期收敛实施清单_2026-10-01.json,ARCHIVE_MEMBER,sha256:35ffbd5d437c0738e994fd2fe4b36254bbfc33389aa7e22f1fec49890363fc98,106090,35ffbd5d437c0738e994fd2fe4b36254bbfc33389aa7e22f1fec49890363fc98,SHARED_CONTEXT,BLUEPRINT_RESEARCH,HISTORICAL_REFERENCE_NO_EXECUTION_AUTHORITY,Explicit WORK-LAB section/requirements or shared governance/pricing/UI source; preserved whole as source context
WL-REC-0044,三项目_AI生态全生命周期收敛最终方案_2026-10-01.html,,docs/history/owner-inputs/record-20261009/WORK-LAB-HISTORICAL-RECORDS-20261009.zip,originals/三项目_AI生态全生命周期收敛最终方案_2026-10-01.html,ARCHIVE_MEMBER,sha256:43066037d74c8c2995fd0a9aac1218ccec5fb731594b9f9109b897a382fec212,102843,43066037d74c8c2995fd0a9aac1218ccec5fb731594b9f9109b897a382fec212,SHARED_CONTEXT,BLUEPRINT_RESEARCH,HISTORICAL_REFERENCE_NO_EXECUTION_AUTHORITY,Explicit WORK-LAB section/requirements or shared governance/pricing/UI source; preserved whole as source context
WL-REC-0045,三项目_VI_UI_UX_作品集完整交付包.zip,三项目_产品案例/work-lab-vertical.html,docs/history/owner-inputs/record-20261009/WORK-LAB-HISTORICAL-RECORDS-20261009.zip,originals/mixed-vi-ui-ux/三项目_产品案例/work-lab-vertical.html,ARCHIVE_MEMBER,sha256:f080ae1059417402cddc29f947d6abc32d36849748fe3a0e68dcbe901752f121,16016,f080ae1059417402cddc29f947d6abc32d36849748fe3a0e68dcbe901752f121,WORK_LAB,TASK_HANDOFF,HISTORICAL_REFERENCE_NO_EXECUTION_AUTHORITY,WORK-LAB case or indivisible shared brand/layout/font/license/provenance context
WL-REC-0046,三项目_VI_UI_UX_作品集完整交付包.zip,三项目_产品案例/index.html,docs/history/owner-inputs/record-20261009/WORK-LAB-HISTORICAL-RECORDS-20261009.zip,originals/mixed-vi-ui-ux/三项目_产品案例/index.html,ARCHIVE_MEMBER,sha256:899b19e49c3ecef51f48452d3bd1d26105284ef6d885dc2cf3ffb93a36ae6743,16674,899b19e49c3ecef51f48452d3bd1d26105284ef6d885dc2cf3ffb93a36ae6743,SHARED_CONTEXT,TASK_HANDOFF,HISTORICAL_REFERENCE_NO_EXECUTION_AUTHORITY,WORK-LAB case or indivisible shared brand/layout/font/license/provenance context
WL-REC-0047,三项目_VI_UI_UX_作品集完整交付包.zip,三项目_产品案例/interaction-check.json,docs/history/owner-inputs/record-20261009/WORK-LAB-HISTORICAL-RECORDS-20261009.zip,originals/mixed-vi-ui-ux/三项目_产品案例/interaction-check.json,ARCHIVE_MEMBER,sha256:dd296ffa5bbde9beb3a67f31f16bdab2578bfc313d0aeea14f516471c871c217,487,dd296ffa5bbde9beb3a67f31f16bdab2578bfc313d0aeea14f516471c871c217,SHARED_CONTEXT,TASK_HANDOFF,HISTORICAL_REFERENCE_NO_EXECUTION_AUTHORITY,WORK-LAB case or indivisible shared brand/layout/font/license/provenance context
WL-REC-0048,三项目_VI_UI_UX_作品集完整交付包.zip,三项目_产品案例/work-lab-square.html,docs/history/owner-inputs/record-20261009/WORK-LAB-HISTORICAL-RECORDS-20261009.zip,originals/mixed-vi-ui-ux/三项目_产品案例/work-lab-square.html,ARCHIVE_MEMBER,sha256:18a5454469a9d44f039c678324aefcab1d73b973524e9e71dbdf199c377011be,15775,18a5454469a9d44f039c678324aefcab1d73b973524e9e71dbdf199c377011be,WORK_LAB,TASK_HANDOFF,HISTORICAL_REFERENCE_NO_EXECUTION_AUTHORITY,WORK-LAB case or indivisible shared brand/layout/font/license/provenance context
WL-REC-0049,三项目_VI_UI_UX_作品集完整交付包.zip,三项目_产品案例/ui-assets.json,docs/history/owner-inputs/record-20261009/WORK-LAB-HISTORICAL-RECORDS-20261009.zip,originals/mixed-vi-ui-ux/三项目_产品案例/ui-assets.json,ARCHIVE_MEMBER,sha256:caac53af3b2206e24041f2fc5b187ec762253535a20403912e2623b165224530,4987,caac53af3b2206e24041f2fc5b187ec762253535a20403912e2623b165224530,SHARED_CONTEXT,UI_REFERENCE,HISTORICAL_REFERENCE_NO_EXECUTION_AUTHORITY,WORK-LAB case or indivisible shared brand/layout/font/license/provenance context
WL-REC-0050,三项目_VI_UI_UX_作品集完整交付包.zip,三项目_产品案例/brand-ui-kit.html,docs/history/owner-inputs/record-20261009/WORK-LAB-HISTORICAL-RECORDS-20261009.zip,originals/mixed-vi-ui-ux/三项目_产品案例/brand-ui-kit.html,ARCHIVE_MEMBER,sha256:6e7361691956e53ee70d700e0596d936abb6c72d0655121821d65f917e741735,10017,6e7361691956e53ee70d700e0596d936abb6c72d0655121821d65f917e741735,SHARED_CONTEXT,UI_REFERENCE,HISTORICAL_REFERENCE_NO_EXECUTION_AUTHORITY,WORK-LAB case or indivisible shared brand/layout/font/license/provenance context
WL-REC-0051,三项目_VI_UI_UX_作品集完整交付包.zip,三项目_产品案例/work-lab.html,docs/history/owner-inputs/record-20261009/WORK-LAB-HISTORICAL-RECORDS-20261009.zip,originals/mixed-vi-ui-ux/三项目_产品案例/work-lab.html,ARCHIVE_MEMBER,sha256:54b41cd4796f4589f4504eb38be49f76eb119e1d62bcd200524dc3fd1c07ee9f,34100,54b41cd4796f4589f4504eb38be49f76eb119e1d62bcd200524dc3fd1c07ee9f,WORK_LAB,TASK_HANDOFF,HISTORICAL_REFERENCE_NO_EXECUTION_AUTHORITY,WORK-LAB case or indivisible shared brand/layout/font/license/provenance context
WL-REC-0052,三项目_VI_UI_UX_作品集完整交付包.zip,三项目_产品案例/case-content.json,docs/history/owner-inputs/record-20261009/WORK-LAB-HISTORICAL-RECORDS-20261009.zip,originals/mixed-vi-ui-ux/三项目_产品案例/case-content.json,ARCHIVE_MEMBER,sha256:52f7c55b00753c4284bb9d63178b26726e518c1995bea8e7a49640762f4cd77f,10554,52f7c55b00753c4284bb9d63178b26726e518c1995bea8e7a49640762f4cd77f,SHARED_CONTEXT,TASK_HANDOFF,HISTORICAL_REFERENCE_NO_EXECUTION_AUTHORITY,WORK-LAB case or indivisible shared brand/layout/font/license/provenance context
WL-REC-0053,三项目_VI_UI_UX_作品集完整交付包.zip,三项目_产品案例/work-lab-banner.html,docs/history/owner-inputs/record-20261009/WORK-LAB-HISTORICAL-RECORDS-20261009.zip,originals/mixed-vi-ui-ux/三项目_产品案例/work-lab-banner.html,ARCHIVE_MEMBER,sha256:0f78bc5bf312214de8bfab1c5fd8ec20d3f0c86b0c1172cc0dfea957ae0e7eda,15775,0f78bc5bf312214de8bfab1c5fd8ec20d3f0c86b0c1172cc0dfea957ae0e7eda,WORK_LAB,TASK_HANDOFF,HISTORICAL_REFERENCE_NO_EXECUTION_AUTHORITY,WORK-LAB case or indivisible shared brand/layout/font/license/provenance context
WL-REC-0054,三项目_VI_UI_UX_作品集完整交付包.zip,三项目_产品案例/preview.html,docs/history/owner-inputs/record-20261009/WORK-LAB-HISTORICAL-RECORDS-20261009.zip,originals/mixed-vi-ui-ux/三项目_产品案例/preview.html,ARCHIVE_MEMBER,sha256:f9d2e200ed864cdc024d5032bcee9c4fd8a3a521caf9d9388b665f4f59ef4abb,2878,f9d2e200ed864cdc024d5032bcee9c4fd8a3a521caf9d9388b665f4f59ef4abb,SHARED_CONTEXT,TASK_HANDOFF,HISTORICAL_REFERENCE_NO_EXECUTION_AUTHORITY,WORK-LAB case or indivisible shared brand/layout/font/license/provenance context
WL-REC-0055,三项目_VI_UI_UX_作品集完整交付包.zip,三项目_产品案例/work-lab-copy.md,docs/history/owner-inputs/record-20261009/WORK-LAB-HISTORICAL-RECORDS-20261009.zip,originals/mixed-vi-ui-ux/三项目_产品案例/work-lab-copy.md,ARCHIVE_MEMBER,sha256:aa75fc568ae88c069c1177cd1fea96eef7b1ee53441f2652f5dfdc1375f8fa2e,3563,aa75fc568ae88c069c1177cd1fea96eef7b1ee53441f2652f5dfdc1375f8fa2e,WORK_LAB,TASK_HANDOFF,HISTORICAL_REFERENCE_NO_EXECUTION_AUTHORITY,WORK-LAB case or indivisible shared brand/layout/font/license/provenance context
WL-REC-0056,三项目_VI_UI_UX_作品集完整交付包.zip,三项目_产品案例/README.md,docs/history/owner-inputs/record-20261009/WORK-LAB-HISTORICAL-RECORDS-20261009.zip,originals/mixed-vi-ui-ux/三项目_产品案例/README.md,ARCHIVE_MEMBER,sha256:e106beb31bafaba2857cefe63a147aeadfb655e1ccc6d5d35a75fb38f2133786,6307,e106beb31bafaba2857cefe63a147aeadfb655e1ccc6d5d35a75fb38f2133786,SHARED_CONTEXT,TASK_HANDOFF,HISTORICAL_REFERENCE_NO_EXECUTION_AUTHORITY,WORK-LAB case or indivisible shared brand/layout/font/license/provenance context
WL-REC-0057,三项目_VI_UI_UX_作品集完整交付包.zip,三项目_产品案例/qa-report.json,docs/history/owner-inputs/record-20261009/WORK-LAB-HISTORICAL-RECORDS-20261009.zip,originals/mixed-vi-ui-ux/三项目_产品案例/qa-report.json,ARCHIVE_MEMBER,sha256:13a326c6e0552c27f5779e8db89f05c1d27f43839edbad6cf8965e0a08d056b9,1001,13a326c6e0552c27f5779e8db89f05c1d27f43839edbad6cf8965e0a08d056b9,SHARED_CONTEXT,TASK_HANDOFF,HISTORICAL_REFERENCE_NO_EXECUTION_AUTHORITY,WORK-LAB case or indivisible shared brand/layout/font/license/provenance context
WL-REC-0058,三项目_VI_UI_UX_作品集完整交付包.zip,三项目_产品案例/work-lab-design-tokens.json,docs/history/owner-inputs/record-20261009/WORK-LAB-HISTORICAL-RECORDS-20261009.zip,originals/mixed-vi-ui-ux/三项目_产品案例/work-lab-design-tokens.json,ARCHIVE_MEMBER,sha256:5f0b94d4fc63465914e8e5943c009910473d536cf73031f9e0ba7d4af8d45c37,692,5f0b94d4fc63465914e8e5943c009910473d536cf73031f9e0ba7d4af8d45c37,WORK_LAB,TASK_HANDOFF,HISTORICAL_REFERENCE_NO_EXECUTION_AUTHORITY,WORK-LAB case or indivisible shared brand/layout/font/license/provenance context
WL-REC-0059,三项目_VI_UI_UX_作品集完整交付包.zip,三项目_产品案例/assets/brand-lockups.png,docs/history/owner-inputs/record-20261009/originals/mixed-vi-ui-ux/三项目_产品案例/assets/brand-lockups.png,,FILE,sha256:55e6a51fba4976ac1005c658578d64e77789e59e065bbdb5e8f388db2b6e3630,742277,55e6a51fba4976ac1005c658578d64e77789e59e065bbdb5e8f388db2b6e3630,SHARED_CONTEXT,UI_ASSET,HISTORICAL_REFERENCE_NO_EXECUTION_AUTHORITY,WORK-LAB case or indivisible shared brand/layout/font/license/provenance context
WL-REC-0060,三项目_VI_UI_UX_作品集完整交付包.zip,三项目_产品案例/assets/work-lab-keyvisual.png,docs/history/owner-inputs/record-20261009/originals/mixed-vi-ui-ux/三项目_产品案例/assets/work-lab-keyvisual.png,,FILE,sha256:3eb1ac81e87eccf38d4168c1584876e393ab63db10bec878b8725a2058e5942c,1918704,3eb1ac81e87eccf38d4168c1584876e393ab63db10bec878b8725a2058e5942c,WORK_LAB,UI_ASSET,HISTORICAL_REFERENCE_NO_EXECUTION_AUTHORITY,WORK-LAB case or indivisible shared brand/layout/font/license/provenance context
WL-REC-0061,三项目_VI_UI_UX_作品集完整交付包.zip,三项目_产品案例/deliverables/三项目品牌_UI基础套件.png,docs/history/owner-inputs/record-20261009/originals/mixed-vi-ui-ux/三项目_产品案例/deliverables/三项目品牌_UI基础套件.png,,FILE,sha256:fe09cb091d8ab72418f73a576dc085a7e3cf697085efdca1ff86736e750c057d,876323,fe09cb091d8ab72418f73a576dc085a7e3cf697085efdca1ff86736e750c057d,SHARED_CONTEXT,UI_ASSET,HISTORICAL_REFERENCE_NO_EXECUTION_AUTHORITY,WORK-LAB case or indivisible shared brand/layout/font/license/provenance context
WL-REC-0062,三项目_VI_UI_UX_作品集完整交付包.zip,三项目_产品案例/deliverables/三项目案例预览.png,docs/history/owner-inputs/record-20261009/originals/mixed-vi-ui-ux/三项目_产品案例/deliverables/三项目案例预览.png,,FILE,sha256:06d99322c390cabedb61ebdb4b818a2396af2cb2f6fa3c993b182107da74230d,1450734,06d99322c390cabedb61ebdb4b818a2396af2cb2f6fa3c993b182107da74230d,SHARED_CONTEXT,UI_ASSET,HISTORICAL_REFERENCE_NO_EXECUTION_AUTHORITY,WORK-LAB case or indivisible shared brand/layout/font/license/provenance context
WL-REC-0063,三项目_VI_UI_UX_作品集完整交付包.zip,三项目_产品案例/deliverables/WORK-LAB_完整产品案例.png,docs/history/owner-inputs/record-20261009/originals/mixed-vi-ui-ux/三项目_产品案例/deliverables/WORK-LAB_完整产品案例.png,,FILE,sha256:56884d497b5c8c5831a0ff4798b92b8a96f66a4e9815764a4bd60bd2f80ac0d7,10188066,56884d497b5c8c5831a0ff4798b92b8a96f66a4e9815764a4bd60bd2f80ac0d7,WORK_LAB,UI_ASSET,HISTORICAL_REFERENCE_NO_EXECUTION_AUTHORITY,WORK-LAB case or indivisible shared brand/layout/font/license/provenance context
WL-REC-0064,三项目_VI_UI_UX_作品集完整交付包.zip,三项目_产品案例/deliverables/三项目案例总览.png,docs/history/owner-inputs/record-20261009/originals/mixed-vi-ui-ux/三项目_产品案例/deliverables/三项目案例总览.png,,FILE,sha256:b2463af4accdb17d5bb2208049a587ea1e92b5463afc34df825ea5a624c2e390,1737383,b2463af4accdb17d5bb2208049a587ea1e92b5463afc34df825ea5a624c2e390,SHARED_CONTEXT,UI_ASSET,HISTORICAL_REFERENCE_NO_EXECUTION_AUTHORITY,WORK-LAB case or indivisible shared brand/layout/font/license/provenance context
WL-REC-0065,三项目_VI_UI_UX_作品集完整交付包.zip,三项目_产品案例/assets/fonts/Inter.ttf,docs/history/owner-inputs/record-20261009/originals/mixed-vi-ui-ux/三项目_产品案例/assets/fonts/Inter.ttf,,FILE,sha256:29160a80ff49ddcab2c97711247e08b1fab27a484a329ce8b813d820dc559031,876576,29160a80ff49ddcab2c97711247e08b1fab27a484a329ce8b813d820dc559031,SHARED_CONTEXT,UI_ASSET,HISTORICAL_REFERENCE_NO_EXECUTION_AUTHORITY,WORK-LAB case or indivisible shared brand/layout/font/license/provenance context
WL-REC-0066,三项目_VI_UI_UX_作品集完整交付包.zip,三项目_产品案例/assets/fonts/Noto-OFL.txt,docs/history/owner-inputs/record-20261009/WORK-LAB-HISTORICAL-RECORDS-20261009.zip,originals/mixed-vi-ui-ux/三项目_产品案例/assets/fonts/Noto-OFL.txt,ARCHIVE_MEMBER,sha256:6a73f9541c2de74158c0e7cf6b0a58ef774f5a780bf191f2d7ec9cc53efe2bf2,4301,6a73f9541c2de74158c0e7cf6b0a58ef774f5a780bf191f2d7ec9cc53efe2bf2,SHARED_CONTEXT,TASK_HANDOFF,HISTORICAL_REFERENCE_NO_EXECUTION_AUTHORITY,WORK-LAB case or indivisible shared brand/layout/font/license/provenance context
WL-REC-0067,三项目_VI_UI_UX_作品集完整交付包.zip,三项目_产品案例/assets/fonts/Inter-OFL.txt,docs/history/owner-inputs/record-20261009/WORK-LAB-HISTORICAL-RECORDS-20261009.zip,originals/mixed-vi-ui-ux/三项目_产品案例/assets/fonts/Inter-OFL.txt,ARCHIVE_MEMBER,sha256:5b9321a4298cfeb6b34354164a1c3afc3db114569984c502b9b35d988fd58c57,4377,5b9321a4298cfeb6b34354164a1c3afc3db114569984c502b9b35d988fd58c57,SHARED_CONTEXT,TASK_HANDOFF,HISTORICAL_REFERENCE_NO_EXECUTION_AUTHORITY,WORK-LAB case or indivisible shared brand/layout/font/license/provenance context
WL-REC-0068,三项目_VI_UI_UX_作品集完整交付包.zip,三项目_产品案例/assets/fonts/NotoSansCJKsc-Regular.otf,docs/history/owner-inputs/record-20261009/originals/mixed-vi-ui-ux/三项目_产品案例/assets/fonts/NotoSansCJKsc-Regular.otf,,FILE,sha256:2c76254f6fc379fddfce0a7e84fb5385bb135d3e399294f6eeb6680d0365b74b,16437364,2c76254f6fc379fddfce0a7e84fb5385bb135d3e399294f6eeb6680d0365b74b,SHARED_CONTEXT,UI_ASSET,HISTORICAL_REFERENCE_NO_EXECUTION_AUTHORITY,WORK-LAB case or indivisible shared brand/layout/font/license/provenance context
WL-REC-0069,三项目_VI_UI_UX_作品集完整交付包.zip,三项目_产品案例/assets/work-lab/ui/08.png,docs/history/owner-inputs/record-20261009/originals/mixed-vi-ui-ux/三项目_产品案例/assets/work-lab/ui/08.png,,FILE,sha256:e1848d0d6047ac1536c75ed23739bdae04af641bfa84d54d01bc8ff4e9d4560f,235061,e1848d0d6047ac1536c75ed23739bdae04af641bfa84d54d01bc8ff4e9d4560f,WORK_LAB,UI_ASSET,HISTORICAL_REFERENCE_NO_EXECUTION_AUTHORITY,WORK-LAB case or indivisible shared brand/layout/font/license/provenance context
WL-REC-0070,三项目_VI_UI_UX_作品集完整交付包.zip,三项目_产品案例/assets/work-lab/ui/01.png,docs/history/owner-inputs/record-20261009/originals/mixed-vi-ui-ux/三项目_产品案例/assets/work-lab/ui/01.png,,FILE,sha256:6a6db356f45b7f83745a80dda132e05fa06e5e96155de178da4d30bec51ac52a,335688,6a6db356f45b7f83745a80dda132e05fa06e5e96155de178da4d30bec51ac52a,WORK_LAB,UI_ASSET,HISTORICAL_REFERENCE_NO_EXECUTION_AUTHORITY,WORK-LAB case or indivisible shared brand/layout/font/license/provenance context
WL-REC-0071,三项目_VI_UI_UX_作品集完整交付包.zip,三项目_产品案例/assets/work-lab/ui/04.png,docs/history/owner-inputs/record-20261009/originals/mixed-vi-ui-ux/三项目_产品案例/assets/work-lab/ui/04.png,,FILE,sha256:48bc29a4846b2ed650323c4b6d4ff6c6ac44da78ae011a35449f6b6679ec2f7a,226585,48bc29a4846b2ed650323c4b6d4ff6c6ac44da78ae011a35449f6b6679ec2f7a,WORK_LAB,UI_ASSET,HISTORICAL_REFERENCE_NO_EXECUTION_AUTHORITY,WORK-LAB case or indivisible shared brand/layout/font/license/provenance context
WL-REC-0072,三项目_VI_UI_UX_作品集完整交付包.zip,三项目_产品案例/assets/work-lab/ui/07.png,docs/history/owner-inputs/record-20261009/originals/mixed-vi-ui-ux/三项目_产品案例/assets/work-lab/ui/07.png,,FILE,sha256:7d7df9ee6c6a61e325a4ac55c2882b7b933e6eaf31991dd8f31ae505703c1c5d,315960,7d7df9ee6c6a61e325a4ac55c2882b7b933e6eaf31991dd8f31ae505703c1c5d,WORK_LAB,UI_ASSET,HISTORICAL_REFERENCE_NO_EXECUTION_AUTHORITY,WORK-LAB case or indivisible shared brand/layout/font/license/provenance context
WL-REC-0073,三项目_VI_UI_UX_作品集完整交付包.zip,三项目_产品案例/assets/work-lab/ui/05.png,docs/history/owner-inputs/record-20261009/originals/mixed-vi-ui-ux/三项目_产品案例/assets/work-lab/ui/05.png,,FILE,sha256:24214ca39ed5b167e4f740739554fd63abc4f21e58fbf5fd1996f9db734f8447,152453,24214ca39ed5b167e4f740739554fd63abc4f21e58fbf5fd1996f9db734f8447,WORK_LAB,UI_ASSET,HISTORICAL_REFERENCE_NO_EXECUTION_AUTHORITY,WORK-LAB case or indivisible shared brand/layout/font/license/provenance context
WL-REC-0074,三项目_VI_UI_UX_作品集完整交付包.zip,三项目_产品案例/assets/work-lab/ui/02.png,docs/history/owner-inputs/record-20261009/originals/mixed-vi-ui-ux/三项目_产品案例/assets/work-lab/ui/02.png,,FILE,sha256:ad950b3f4f26cf8d14f0b9834571341a32b24db20011e30e9247dca72405e1fb,173094,ad950b3f4f26cf8d14f0b9834571341a32b24db20011e30e9247dca72405e1fb,WORK_LAB,UI_ASSET,HISTORICAL_REFERENCE_NO_EXECUTION_AUTHORITY,WORK-LAB case or indivisible shared brand/layout/font/license/provenance context
WL-REC-0075,三项目_VI_UI_UX_作品集完整交付包.zip,三项目_产品案例/assets/work-lab/ui/10.png,docs/history/owner-inputs/record-20261009/originals/mixed-vi-ui-ux/三项目_产品案例/assets/work-lab/ui/10.png,,FILE,sha256:0c8ed8bb31f2b56d47ad1df1749548a731d22ad87bf925535d50f695d0431cc0,168342,0c8ed8bb31f2b56d47ad1df1749548a731d22ad87bf925535d50f695d0431cc0,WORK_LAB,UI_ASSET,HISTORICAL_REFERENCE_NO_EXECUTION_AUTHORITY,WORK-LAB case or indivisible shared brand/layout/font/license/provenance context
WL-REC-0076,三项目_VI_UI_UX_作品集完整交付包.zip,三项目_产品案例/assets/work-lab/ui/03.png,docs/history/owner-inputs/record-20261009/originals/mixed-vi-ui-ux/三项目_产品案例/assets/work-lab/ui/03.png,,FILE,sha256:ca23afff3f6a9f16fb32a4d227ff6657573936d294b7d2f85894a07262d714fc,302284,ca23afff3f6a9f16fb32a4d227ff6657573936d294b7d2f85894a07262d714fc,WORK_LAB,UI_ASSET,HISTORICAL_REFERENCE_NO_EXECUTION_AUTHORITY,WORK-LAB case or indivisible shared brand/layout/font/license/provenance context
WL-REC-0077,三项目_VI_UI_UX_作品集完整交付包.zip,三项目_产品案例/assets/work-lab/ui/06.png,docs/history/owner-inputs/record-20261009/originals/mixed-vi-ui-ux/三项目_产品案例/assets/work-lab/ui/06.png,,FILE,sha256:bcd722709636827c027688ad0278eb6efc21e05d4f70aef004d967ecae32ac5d,364116,bcd722709636827c027688ad0278eb6efc21e05d4f70aef004d967ecae32ac5d,WORK_LAB,UI_ASSET,HISTORICAL_REFERENCE_NO_EXECUTION_AUTHORITY,WORK-LAB case or indivisible shared brand/layout/font/license/provenance context
WL-REC-0078,三项目_VI_UI_UX_作品集完整交付包.zip,三项目_产品案例/assets/work-lab/ui/09.png,docs/history/owner-inputs/record-20261009/originals/mixed-vi-ui-ux/三项目_产品案例/assets/work-lab/ui/09.png,,FILE,sha256:4b815bcebeb158d06f4607afc8aee6f39f6c651486f8f472c7bd32a150ea5ee4,237727,4b815bcebeb158d06f4607afc8aee6f39f6c651486f8f472c7bd32a150ea5ee4,WORK_LAB,UI_ASSET,HISTORICAL_REFERENCE_NO_EXECUTION_AUTHORITY,WORK-LAB case or indivisible shared brand/layout/font/license/provenance context
WL-REC-0079,三项目_VI_UI_UX_作品集完整交付包.zip,三项目_产品案例/source_ui/work-lab/index.html,docs/history/owner-inputs/record-20261009/WORK-LAB-HISTORICAL-RECORDS-20261009.zip,originals/mixed-vi-ui-ux/三项目_产品案例/source_ui/work-lab/index.html,ARCHIVE_MEMBER,sha256:2ca92db396ae80290b1484dff41b1e8a91578bd36749493a46f52c8982f0d406,46131,2ca92db396ae80290b1484dff41b1e8a91578bd36749493a46f52c8982f0d406,WORK_LAB,UI_REFERENCE,HISTORICAL_REFERENCE_NO_EXECUTION_AUTHORITY,WORK-LAB case or indivisible shared brand/layout/font/license/provenance context
WL-REC-0080,三项目_VI_UI_UX_作品集完整交付包.zip,三项目_产品案例/exports/work-lab/04-palette.png,docs/history/owner-inputs/record-20261009/originals/mixed-vi-ui-ux/三项目_产品案例/exports/work-lab/04-palette.png,,FILE,sha256:4b4ac731749122e7c4d7cf4aabd2de84900e62f77bd94cee650a3198e7f361b5,165574,4b4ac731749122e7c4d7cf4aabd2de84900e62f77bd94cee650a3198e7f361b5,WORK_LAB,UI_ASSET,HISTORICAL_REFERENCE_NO_EXECUTION_AUTHORITY,WORK-LAB case or indivisible shared brand/layout/font/license/provenance context
WL-REC-0081,三项目_VI_UI_UX_作品集完整交付包.zip,三项目_产品案例/exports/work-lab/online-vertical.png,docs/history/owner-inputs/record-20261009/originals/mixed-vi-ui-ux/三项目_产品案例/exports/work-lab/online-vertical.png,,FILE,sha256:31d03218cd87abf2376c97e6eb557b18fc6e813fc63170c6148858916274fd81,3389149,31d03218cd87abf2376c97e6eb557b18fc6e813fc63170c6148858916274fd81,WORK_LAB,UI_ASSET,HISTORICAL_REFERENCE_NO_EXECUTION_AUTHORITY,WORK-LAB case or indivisible shared brand/layout/font/license/provenance context
WL-REC-0082,三项目_VI_UI_UX_作品集完整交付包.zip,三项目_产品案例/exports/work-lab/09-journey.png,docs/history/owner-inputs/record-20261009/originals/mixed-vi-ui-ux/三项目_产品案例/exports/work-lab/09-journey.png,,FILE,sha256:575237738a2b6c8d59b28fc79421b08830a1b948227499e17c4be02d8a44e0d2,152887,575237738a2b6c8d59b28fc79421b08830a1b948227499e17c4be02d8a44e0d2,WORK_LAB,UI_ASSET,HISTORICAL_REFERENCE_NO_EXECUTION_AUTHORITY,WORK-LAB case or indivisible shared brand/layout/font/license/provenance context
WL-REC-0083,三项目_VI_UI_UX_作品集完整交付包.zip,三项目_产品案例/exports/work-lab/online-product-card.png,docs/history/owner-inputs/record-20261009/originals/mixed-vi-ui-ux/三项目_产品案例/exports/work-lab/online-product-card.png,,FILE,sha256:1da851cfd5040654395cdb0611c996b6ecbfc00b0c3d0875cc4f50539f89f699,949254,1da851cfd5040654395cdb0611c996b6ecbfc00b0c3d0875cc4f50539f89f699,WORK_LAB,UI_ASSET,HISTORICAL_REFERENCE_NO_EXECUTION_AUTHORITY,WORK-LAB case or indivisible shared brand/layout/font/license/provenance context
WL-REC-0084,三项目_VI_UI_UX_作品集完整交付包.zip,三项目_产品案例/exports/work-lab/01-hero.png,docs/history/owner-inputs/record-20261009/originals/mixed-vi-ui-ux/三项目_产品案例/exports/work-lab/01-hero.png,,FILE,sha256:4adc60986de178a102bc215f3aeff69a305b4aff1652f8c39d9500e11e71e5f8,3897844,4adc60986de178a102bc215f3aeff69a305b4aff1652f8c39d9500e11e71e5f8,WORK_LAB,UI_ASSET,HISTORICAL_REFERENCE_NO_EXECUTION_AUTHORITY,WORK-LAB case or indivisible shared brand/layout/font/license/provenance context
WL-REC-0085,三项目_VI_UI_UX_作品集完整交付包.zip,三项目_产品案例/exports/work-lab/online-banner.png,docs/history/owner-inputs/record-20261009/originals/mixed-vi-ui-ux/三项目_产品案例/exports/work-lab/online-banner.png,,FILE,sha256:f4d80d1bf95252660bc82371922d1595becaa69a573f473eed7e3c728cc7fc50,5024643,f4d80d1bf95252660bc82371922d1595becaa69a573f473eed7e3c728cc7fc50,WORK_LAB,UI_ASSET,HISTORICAL_REFERENCE_NO_EXECUTION_AUTHORITY,WORK-LAB case or indivisible shared brand/layout/font/license/provenance context
WL-REC-0086,三项目_VI_UI_UX_作品集完整交付包.zip,三项目_产品案例/exports/work-lab/07-flagship.png,docs/history/owner-inputs/record-20261009/originals/mixed-vi-ui-ux/三项目_产品案例/exports/work-lab/07-flagship.png,,FILE,sha256:43db963ca9c9fc4be48e9dc219a82e01923fb476c3fda8aac2e8b4da69c0ac68,1265685,43db963ca9c9fc4be48e9dc219a82e01923fb476c3fda8aac2e8b4da69c0ac68,WORK_LAB,UI_ASSET,HISTORICAL_REFERENCE_NO_EXECUTION_AUTHORITY,WORK-LAB case or indivisible shared brand/layout/font/license/provenance context
WL-REC-0087,三项目_VI_UI_UX_作品集完整交付包.zip,三项目_产品案例/exports/work-lab/11-screens.png,docs/history/owner-inputs/record-20261009/originals/mixed-vi-ui-ux/三项目_产品案例/exports/work-lab/11-screens.png,,FILE,sha256:d5334ad63200c4506314631573967519d7f94f7a25070cd895e76d437f0c4a4d,703862,d5334ad63200c4506314631573967519d7f94f7a25070cd895e76d437f0c4a4d,WORK_LAB,UI_ASSET,HISTORICAL_REFERENCE_NO_EXECUTION_AUTHORITY,WORK-LAB case or indivisible shared brand/layout/font/license/provenance context
WL-REC-0088,三项目_VI_UI_UX_作品集完整交付包.zip,三项目_产品案例/exports/work-lab/qa-mobile.png,docs/history/owner-inputs/record-20261009/originals/mixed-vi-ui-ux/三项目_产品案例/exports/work-lab/qa-mobile.png,,FILE,sha256:9ba41f1a918e845b06a9c38345b6575946b9c3e0fa6cbdb396d8f98a54799f20,4247206,9ba41f1a918e845b06a9c38345b6575946b9c3e0fa6cbdb396d8f98a54799f20,WORK_LAB,UI_ASSET,HISTORICAL_REFERENCE_NO_EXECUTION_AUTHORITY,WORK-LAB case or indivisible shared brand/layout/font/license/provenance context
WL-REC-0089,三项目_VI_UI_UX_作品集完整交付包.zip,三项目_产品案例/exports/work-lab/05-typography.png,docs/history/owner-inputs/record-20261009/originals/mixed-vi-ui-ux/三项目_产品案例/exports/work-lab/05-typography.png,,FILE,sha256:30e53f99ab2eb0ee4afbc00c20d6b0796a001973e769c1e18e15b65bb13ecaa6,153845,30e53f99ab2eb0ee4afbc00c20d6b0796a001973e769c1e18e15b65bb13ecaa6,WORK_LAB,UI_ASSET,HISTORICAL_REFERENCE_NO_EXECUTION_AUTHORITY,WORK-LAB case or indivisible shared brand/layout/font/license/provenance context
WL-REC-0090,三项目_VI_UI_UX_作品集完整交付包.zip,三项目_产品案例/exports/work-lab/08-architecture.png,docs/history/owner-inputs/record-20261009/originals/mixed-vi-ui-ux/三项目_产品案例/exports/work-lab/08-architecture.png,,FILE,sha256:9db3991be83611f02227d214754f3e255fbb749fee9b1ed05323fd5d918c21d6,158252,9db3991be83611f02227d214754f3e255fbb749fee9b1ed05323fd5d918c21d6,WORK_LAB,UI_ASSET,HISTORICAL_REFERENCE_NO_EXECUTION_AUTHORITY,WORK-LAB case or indivisible shared brand/layout/font/license/provenance context
WL-REC-0091,三项目_VI_UI_UX_作品集完整交付包.zip,三项目_产品案例/exports/work-lab/03-identity.png,docs/history/owner-inputs/record-20261009/originals/mixed-vi-ui-ux/三项目_产品案例/exports/work-lab/03-identity.png,,FILE,sha256:62db15605f98925bcfa71eb636bc75364f4f41e370f29c92f16e07ff5b8f984c,413286,62db15605f98925bcfa71eb636bc75364f4f41e370f29c92f16e07ff5b8f984c,WORK_LAB,UI_ASSET,HISTORICAL_REFERENCE_NO_EXECUTION_AUTHORITY,WORK-LAB case or indivisible shared brand/layout/font/license/provenance context
WL-REC-0092,三项目_VI_UI_UX_作品集完整交付包.zip,三项目_产品案例/exports/work-lab/online-square.png,docs/history/owner-inputs/record-20261009/originals/mixed-vi-ui-ux/三项目_产品案例/exports/work-lab/online-square.png,,FILE,sha256:61683de227ec136724f3aec0e2d9e047d7ac1c9e7c5c9c09f95c251ca78ea1ae,3150093,61683de227ec136724f3aec0e2d9e047d7ac1c9e7c5c9c09f95c251ca78ea1ae,WORK_LAB,UI_ASSET,HISTORICAL_REFERENCE_NO_EXECUTION_AUTHORITY,WORK-LAB case or indivisible shared brand/layout/font/license/provenance context
WL-REC-0093,三项目_VI_UI_UX_作品集完整交付包.zip,三项目_产品案例/exports/work-lab/15-closing.png,docs/history/owner-inputs/record-20261009/originals/mixed-vi-ui-ux/三项目_产品案例/exports/work-lab/15-closing.png,,FILE,sha256:0e6aea9ed7d560329aa0945bfba8ee5e43a7f3912bcefdb4cb6b6b697be9b93b,97151,0e6aea9ed7d560329aa0945bfba8ee5e43a7f3912bcefdb4cb6b6b697be9b93b,WORK_LAB,UI_ASSET,HISTORICAL_REFERENCE_NO_EXECUTION_AUTHORITY,WORK-LAB case or indivisible shared brand/layout/font/license/provenance context
WL-REC-0094,三项目_VI_UI_UX_作品集完整交付包.zip,三项目_产品案例/exports/work-lab/02-overview.png,docs/history/owner-inputs/record-20261009/originals/mixed-vi-ui-ux/三项目_产品案例/exports/work-lab/02-overview.png,,FILE,sha256:3241d92df5554db22cab8109a203dc6b62cd91c962dc11d9a267d9c422315ab2,255063,3241d92df5554db22cab8109a203dc6b62cd91c962dc11d9a267d9c422315ab2,WORK_LAB,UI_ASSET,HISTORICAL_REFERENCE_NO_EXECUTION_AUTHORITY,WORK-LAB case or indivisible shared brand/layout/font/license/provenance context
WL-REC-0095,三项目_VI_UI_UX_作品集完整交付包.zip,三项目_产品案例/exports/work-lab/14-relation.png,docs/history/owner-inputs/record-20261009/originals/mixed-vi-ui-ux/三项目_产品案例/exports/work-lab/14-relation.png,,FILE,sha256:eb016f3d54e12c72080983dfe78b58446382678f2df328552a34d3cfa65823a4,204453,eb016f3d54e12c72080983dfe78b58446382678f2df328552a34d3cfa65823a4,WORK_LAB,UI_ASSET,HISTORICAL_REFERENCE_NO_EXECUTION_AUTHORITY,WORK-LAB case or indivisible shared brand/layout/font/license/provenance context
WL-REC-0096,三项目_VI_UI_UX_作品集完整交付包.zip,三项目_产品案例/exports/work-lab/13-digital.png,docs/history/owner-inputs/record-20261009/originals/mixed-vi-ui-ux/三项目_产品案例/exports/work-lab/13-digital.png,,FILE,sha256:e0154b2b29234c516fd23c0893fc2548c1edda52be0e168a504a2b63161cff9e,1150198,e0154b2b29234c516fd23c0893fc2548c1edda52be0e168a504a2b63161cff9e,WORK_LAB,UI_ASSET,HISTORICAL_REFERENCE_NO_EXECUTION_AUTHORITY,WORK-LAB case or indivisible shared brand/layout/font/license/provenance context
WL-REC-0097,三项目_VI_UI_UX_作品集完整交付包.zip,三项目_产品案例/exports/work-lab/06-graphic.png,docs/history/owner-inputs/record-20261009/originals/mixed-vi-ui-ux/三项目_产品案例/exports/work-lab/06-graphic.png,,FILE,sha256:0e3e63a14798dbcc4b4dcd6e2f290d203b9e8ab53e47434bf8df41a7c5c1ffe9,111048,0e3e63a14798dbcc4b4dcd6e2f290d203b9e8ab53e47434bf8df41a7c5c1ffe9,WORK_LAB,UI_ASSET,HISTORICAL_REFERENCE_NO_EXECUTION_AUTHORITY,WORK-LAB case or indivisible shared brand/layout/font/license/provenance context
WL-REC-0098,三项目_VI_UI_UX_作品集完整交付包.zip,三项目_产品案例/exports/work-lab/10-interaction.png,docs/history/owner-inputs/record-20261009/originals/mixed-vi-ui-ux/三项目_产品案例/exports/work-lab/10-interaction.png,,FILE,sha256:a508c88febf1173214cb918dcb089184b4496876babe845c0ee898ce05b6ee09,195138,a508c88febf1173214cb918dcb089184b4496876babe845c0ee898ce05b6ee09,WORK_LAB,UI_ASSET,HISTORICAL_REFERENCE_NO_EXECUTION_AUTHORITY,WORK-LAB case or indivisible shared brand/layout/font/license/provenance context
WL-REC-0099,三项目_VI_UI_UX_作品集完整交付包.zip,三项目_产品案例/exports/work-lab/12-mockups.png,docs/history/owner-inputs/record-20261009/originals/mixed-vi-ui-ux/三项目_产品案例/exports/work-lab/12-mockups.png,,FILE,sha256:24e53dad5536606ce62319badb3c55268f1d0cbf0035726d80648b4f22a93605,1254235,24e53dad5536606ce62319badb3c55268f1d0cbf0035726d80648b4f22a93605,WORK_LAB,UI_ASSET,HISTORICAL_REFERENCE_NO_EXECUTION_AUTHORITY,WORK-LAB case or indivisible shared brand/layout/font/license/provenance context
WL-REC-0100,三项目_VI_UI_UX_作品集完整交付包.zip,三项目_产品案例/asset-manifest.json,docs/history/owner-inputs/record-20261009/WORK-LAB-HISTORICAL-RECORDS-20261009.zip,originals/mixed-vi-ui-ux/三项目_产品案例/asset-manifest.json,ARCHIVE_MEMBER,sha256:0fafbd22bef27f88be339a61ee4760c0a39c4bcb071b04067c4ecdeafee89401,22521,0fafbd22bef27f88be339a61ee4760c0a39c4bcb071b04067c4ecdeafee89401,SHARED_CONTEXT,TASK_HANDOFF,HISTORICAL_REFERENCE_NO_EXECUTION_AUTHORITY,WORK-LAB case or indivisible shared brand/layout/font/license/provenance context
WL-REC-0101,总览.html,,docs/history/owner-inputs/record-20261009/WORK-LAB-HISTORICAL-RECORDS-20261009.zip,originals/WORK-LAB_MASTER_ATLAS_2026-09-29.zip ! WORK-LAB_MASTER_ATLAS_2026-09-29/sources/ArcheAxis_WORK-LAB_DESIGN-LAB_研究生态汇总包_2026-09-15.zip ! ArcheAxis_WORK-LAB_DESIGN-LAB_研究生态汇总包_2026-09-15/总览.html,ARCHIVE_MEMBER,sha256:42f1ff69180316567fc291f1bc6cb9a231272fd3606b6f0fa6efd905b7417b91,58444,42f1ff69180316567fc291f1bc6cb9a231272fd3606b6f0fa6efd905b7417b91,SHARED_CONTEXT,BLUEPRINT_RESEARCH,HISTORICAL_REFERENCE_NO_EXECUTION_AUTHORITY,Explicit WORK-LAB section/requirements or shared governance/pricing/UI source; preserved whole as source context
WL-REC-0102,汇总报告.md,,docs/history/owner-inputs/record-20261009/WORK-LAB-HISTORICAL-RECORDS-20261009.zip,originals/WORK-LAB_MASTER_ATLAS_2026-09-29.zip ! WORK-LAB_MASTER_ATLAS_2026-09-29/expanded/ArcheAxis_WORK-LAB_DESIGN-LAB_研究生态汇总包_2026-09-15/ArcheAxis_WORK-LAB_DESIGN-LAB_研究生态汇总包_2026-09-15/汇总报告.md,ARCHIVE_MEMBER,sha256:87013dc5da7652c3dbcea17373596804a3384589cde6776cd16b43c33d65501c,10786,87013dc5da7652c3dbcea17373596804a3384589cde6776cd16b43c33d65501c,SHARED_CONTEXT,BLUEPRINT_RESEARCH,HISTORICAL_REFERENCE_NO_EXECUTION_AUTHORITY,Explicit WORK-LAB section/requirements or shared governance/pricing/UI source; preserved whole as source context
WL-REC-0103,WORK-LAB_UI前端深化任务包_v2.zip,,docs/history/owner-inputs/record-20261010/originals/WORK-LAB_UI前端深化任务包_v2.zip,,FILE,sha256:d7737c6804d56394051a8ee56dc3b623decfe22dffa7ed7b97faeaa597b253f9,9498896,d7737c6804d56394051a8ee56dc3b623decfe22dffa7ed7b97faeaa597b253f9,WORK_LAB,UI_REFERENCE,CURRENT_INPUT_NOT_IMPLEMENTATION,WORK-LAB identity in file name
